date,price
2018-01-01,12139.01
2018-01-02,11799.98
2018-01-03,12545.01
2018-01-04,13065.62
2018-01-05,12940.0
2018-01-06,14300.0
2018-01-07,14229.99
2018-01-08,13358.06
2018-01-09,12769.0
2018-01-10,12276.25
2018-01-11,12465.19
2018-01-12,11199.98
2018-01-13,11581.03
2018-01-14,11745.48
2018-01-15,11323.88
2018-01-16,11301.8
2018-01-17,9510.25
2018-01-18,9262.0
2018-01-19,9562.28
2018-01-20,9690.0
2018-01-21,10585.6
2018-01-22,9542.49
2018-01-23,8941.88
2018-01-24,8831.86
2018-01-25,9193.5
2018-01-26,9030.51
2018-01-27,8967.35
2018-01-28,9137.41
2018-01-29,9360.01
2018-01-30,9009.92
2018-01-31,8105.18
2018-02-01,8130.3
2018-02-02,7145.82
2018-02-03,7125.15
2018-02-04,7399.93
2018-02-05,6541.83
2018-02-06,5468.77
2018-02-07,6230.01
2018-02-08,6167.28
2018-02-09,6768.09
2018-02-10,7087.76
2018-02-11,7020.0
2018-02-12,6629.98
2018-02-13,7202.59
2018-02-14,6955.09
2018-02-15,7661.21
2018-02-16,8107.93
2018-02-17,8216.09
2018-02-18,9014.0
2018-02-19,8442.07
2018-02-20,9030.85
2018-02-21,9150.6
2018-02-22,8520.68
2018-02-23,7974.03
2018-02-24,8292.05
2018-02-25,7909.0
2018-02-26,7819.0
2018-02-27,8379.99
2018-02-28,8611.0
2018-03-01,8469.99
2018-03-02,8885.01
2018-03-03,8935.99
2018-03-04,9219.01
2018-03-05,9279.97
2018-03-06,9300.0
2018-03-07,8660.01
2018-03-08,8024.21
2018-03-09,7534.5
2018-03-10,7539.38
2018-03-11,7131.99
2018-03-12,7737.21
2018-03-13,7407.08
2018-03-14,7390.01
2018-03-15,6636.75
2018-03-16,6726.42
2018-03-17,6728.0
2018-03-18,6395.99
2018-03-19,6688.12
2018-03-20,6955.38
2018-03-21,7290.0
2018-03-22,7216.46
2018-03-23,7066.82
2018-03-24,7200.0
2018-03-25,6929.01
2018-03-26,6873.12
2018-03-27,6547.53
2018-03-28,6305.03
2018-03-29,6450.0
2018-03-30,5749.11
2018-03-31,5551.61
2018-04-01,5637.34
2018-04-02,5519.99
2018-04-03,5741.99
2018-04-04,6060.02
2018-04-05,5535.34
2018-04-06,5526.89
2018-04-07,5401.76
2018-04-08,5596.0
2018-04-09,5737.47
2018-04-10,5516.55
2018-04-11,5538.59
2018-04-12,5625.53
2018-04-13,6433.42
2018-04-14,6370.0
2018-04-15,6512.99
2018-04-16,6780.06
2018-04-17,6514.99
2018-04-18,6397.24
2018-04-19,6607.49
2018-04-20,6717.01
2018-04-21,7249.49
2018-04-22,7246.46
2018-04-23,7175.0
2018-04-24,7314.52
2018-04-25,7930.35
2018-04-26,7291.02
2018-04-27,7661.0
2018-04-28,7372.35
2018-04-29,7695.0
2018-04-30,7752.88
2018-05-01,7654.02
2018-05-02,7551.78
2018-05-03,7693.75
2018-05-04,8099.28
2018-05-05,8108.95
2018-05-06,8209.3
2018-05-07,8015.01
2018-05-08,7856.95
2018-05-09,7743.4
2018-05-10,7847.53
2018-05-11,7587.65
2018-05-12,7055.02
2018-05-13,7092.0
2018-05-14,7299.3
2018-05-15,7256.9
2018-05-16,7180.47
2018-05-17,7065.0
2018-05-18,6859.31
2018-05-19,7014.5
2018-05-20,7013.84
2018-05-21,7239.5
2018-05-22,7125.99
2018-05-23,6801.31
2018-05-24,6418.58
2018-05-25,6479.03
2018-05-26,6431.81
2018-05-27,6313.47
2018-05-28,6297.02
2018-05-29,6119.46
2018-05-30,6477.56
2018-05-31,6346.19
2018-06-01,6414.16
2018-06-02,6449.77
2018-06-03,6569.82
2018-06-04,6618.69
2018-06-05,6420.76
2018-06-06,6509.63
2018-06-07,6514.68
2018-06-08,6534.74
2018-06-09,6487.51
2018-06-10,6401.4
2018-06-11,5759.01
2018-06-12,5871.01
2018-06-13,5577.53
2018-06-14,5348.74
2018-06-15,5753.3
2018-06-16,5519.9
2018-06-17,5605.66
2018-06-18,5560.88
2018-06-19,5775.57
2018-06-20,5829.31
2018-06-21,5834.99
2018-06-22,5801.14
2018-06-23,5210.51
2018-06-24,5307.14
2018-06-25,5288.01
2018-06-26,5343.6
2018-06-27,5219.45
2018-06-28,5312.21
2018-06-29,5069.64
2018-06-30,5300.0
2018-07-01,5467.89
2018-07-02,5454.18
2018-07-03,5695.36
2018-07-04,5592.97
2018-07-05,5658.94
2018-07-06,5600.69
2018-07-07,5641.39
2018-07-08,5758.73
2018-07-09,5718.66
2018-07-10,5676.09
2018-07-11,5378.9
2018-07-12,5469.99
2018-07-13,5360.0
2018-07-14,5338.7
2018-07-15,5375.71
2018-07-16,5435.2
2018-07-17,5729.94
2018-07-18,6275.13
2018-07-19,6330.31
2018-07-20,6418.3
2018-07-21,6260.19
2018-07-22,6325.4
2018-07-23,6320.2
2018-07-24,6609.73
2018-07-25,7189.86
2018-07-26,6970.01
2018-07-27,6815.95
2018-07-28,7025.0
2018-07-29,7055.01
2018-07-30,7052.66
2018-07-31,6988.46
2018-08-01,6614.43
2018-08-02,6528.65
2018-08-03,6510.31
2018-08-04,6415.0
2018-08-05,6055.72
2018-08-06,6085.66
2018-08-07,6010.0
2018-08-08,5802.0
2018-08-09,5420.0
2018-08-10,5700.02
2018-08-11,5400.0
2018-08-12,5473.42
2018-08-13,5560.0
2018-08-14,5500.67
2018-08-15,5469.01
2018-08-16,5540.02
2018-08-17,5565.8
2018-08-18,5749.0
2018-08-19,5624.72
2018-08-20,5672.46
2018-08-21,5470.0
2018-08-22,5602.96
2018-08-23,5493.07
2018-08-24,5662.61
2018-08-25,5759.43
2018-08-26,5795.56
2018-08-27,5760.61
2018-08-28,5906.79
2018-08-29,6061.0
2018-08-30,6010.0
2018-08-31,5986.82
2018-09-01,6042.0
2018-09-02,6189.91
2018-09-03,6289.22
2018-09-04,6261.3
2018-09-05,6357.17
2018-09-06,5758.62
2018-09-07,5602.3
2018-09-08,5529.0
2018-09-09,5380.77
2018-09-10,5409.4
2018-09-11,5454.16
2018-09-12,5422.51
2018-09-13,5453.75
2018-09-14,5557.11
2018-09-15,5588.65
2018-09-16,5624.31
2018-09-17,5597.74
2018-09-18,5372.0
2018-09-19,5448.0
2018-09-20,5475.0
2018-09-21,5524.44
2018-09-22,5760.0
2018-09-23,5725.74
2018-09-24,5722.87
2018-09-25,5605.8
2018-09-26,5478.13
2018-09-27,5509.02
2018-09-28,5742.8
2018-09-29,5718.55
2018-09-30,5680.0
2018-10-01,5703.31
2018-10-02,5687.45
2018-10-03,5646.0
2018-10-04,5639.02
2018-10-05,5700.01
2018-10-06,5734.66
2018-10-07,5704.14
2018-10-08,5715.69
2018-10-09,5768.62
2018-10-10,5754.89
2018-10-11,5669.08
2018-10-12,5320.94
2018-10-13,5389.0
2018-10-14,5397.72
2018-10-15,5364.75
2018-10-16,5566.01
2018-10-17,5589.93
2018-10-18,5614.06
2018-10-19,5584.51
2018-10-20,5576.99
2018-10-21,5593.52
2018-10-22,5586.33
2018-10-23,5605.0
2018-10-24,5590.68
2018-10-25,5640.02
2018-10-26,5631.75
2018-10-27,5637.14
2018-10-28,5634.85
2018-10-29,5635.73
2018-10-30,5519.13
2018-10-31,5540.0
2018-11-01,5590.86
2018-11-02,5573.03
2018-11-03,5589.96
2018-11-04,5576.49
2018-11-05,5638.42
2018-11-06,5618.6
2018-11-07,5654.32
2018-11-08,5700.0
2018-11-09,5642.0
2018-11-10,5607.02
2018-11-11,5621.01
2018-11-12,5619.74
2018-11-13,5649.48
2018-11-14,5569.61
2018-11-15,4998.99
2018-11-16,4921.0
2018-11-17,4830.8
2018-11-18,4829.01
2018-11-19,4878.33
2018-11-20,4140.01
2018-11-21,3850.01
2018-11-22,4000.21
2018-11-23,3739.95
2018-11-24,3789.01
2018-11-25,3320.0
2018-11-26,3475.89
2018-11-27,3291.5
2018-11-28,3347.39
2018-11-29,3726.26
2018-11-30,3740.05
2018-12-01,3530.01
2018-12-02,3681.89
2018-12-03,3630.14
2018-12-04,3390.01
2018-12-05,3450.0
2018-12-06,3267.93
2018-12-07,3037.42
2018-12-08,2992.85
2018-12-09,3004.24
2018-12-10,3106.36
2018-12-11,3015.03
2018-12-12,2966.01
2018-12-13,3026.0
2018-12-14,2886.91
2018-12-15,2835.5
2018-12-16,2830.45
2018-12-17,2840.42
2018-12-18,3093.95
2018-12-19,3236.31
2018-12-20,3244.05
2018-12-21,3575.81
2018-12-22,3401.7
2018-12-23,3518.99
2018-12-24,3499.01
2018-12-25,3559.98
2018-12-26,3341.98
2018-12-27,3379.17
2018-12-28,3157.17
2018-12-29,3408.78
2018-12-30,3284.99
2018-12-31,3376.69
2019-01-01,3240.0
2019-01-02,3347.23
2019-01-03,3450.0
2019-01-04,3336.7
2019-01-05,3370.38
2019-01-06,3349.74
2019-01-07,3555.02
2019-01-08,3497.02
2019-01-09,3503.1
2019-01-10,3480.01
2019-01-11,3178.01
2019-01-12,3189.98
2019-01-13,3176.47
2019-01-14,3080.55
2019-01-15,3207.01
2019-01-16,3152.94
2019-01-17,3168.86
2019-01-18,3199.99
2019-01-19,3185.81
2019-01-20,3253.11
2019-01-21,3123.16
2019-01-22,3116.64
2019-01-23,3156.71
2019-01-24,3126.51
2019-01-25,3157.21
2019-01-26,3130.74
2019-01-27,3125.14
2019-01-28,3103.2
2019-01-29,3006.51
2019-01-30,2974.45
2019-01-31,2996.1
2019-02-01,2980.31
2019-02-02,3002.16
2019-02-03,3027.4
2019-02-04,2983.69
2019-02-05,2990.01
2019-02-06,3008.0
2019-02-07,2968.0
2019-02-08,2964.99
2019-02-09,3188.74
2019-02-10,3195.0
2019-02-11,3224.99
2019-02-12,3195.11
2019-02-13,3175.28
2019-02-14,3179.99
2019-02-15,3155.51
2019-02-16,3169.1
2019-02-17,3178.0
2019-02-18,3214.74
2019-02-19,3421.99
2019-02-20,3435.48
2019-02-21,3474.79
2019-02-22,3440.02
2019-02-23,3471.75
2019-02-24,3631.0
2019-02-25,3295.66
2019-02-26,3364.1
2019-02-27,3339.17
2019-02-28,3343.58
2019-03-01,3341.89
2019-03-02,3358.04
2019-03-03,3360.57
2019-03-04,3333.92
2019-03-05,3270.53
2019-03-06,3402.54
2019-03-07,3407.06
2019-03-08,3445.66
2019-03-09,3422.13
2019-03-10,3485.0
2019-03-11,3468.22
2019-03-12,3426.3
2019-03-13,3422.0
2019-03-14,3400.49
2019-03-15,3406.78
2019-03-16,3441.01
2019-03-17,3488.49
2019-03-18,3497.41
2019-03-19,3509.45
2019-03-20,3524.97
2019-03-21,3531.53
2019-03-22,3503.25
2019-03-23,3531.26
2019-03-24,3523.81
2019-03-25,3515.07
2019-03-26,3458.14
2019-03-27,3482.61
2019-03-28,3576.93
2019-03-29,3574.59
2019-03-30,3653.0
2019-03-31,3649.43
2019-04-01,3647.87
2019-04-02,3701.67
2019-04-03,4378.7
2019-04-04,4424.98
2019-04-05,4371.69
2019-04-06,4499.35
2019-04-07,4502.21
2019-04-08,4635.01
2019-04-09,4709.47
2019-04-10,4608.85
2019-04-11,4728.6
2019-04-12,4490.0
2019-04-13,4502.55
2019-04-14,4492.81
2019-04-15,4567.98
2019-04-16,4463.82
2019-04-17,4617.46
2019-04-18,4629.26
2019-04-19,4699.38
2019-04-20,4706.56
2019-04-21,4740.0
2019-04-22,4724.09
2019-04-23,4789.16
2019-04-24,4942.12
2019-04-25,4885.08
2019-04-26,4623.55
2019-04-27,4629.2
2019-04-28,4653.69
2019-04-29,4633.01
2019-04-30,4601.79
2019-05-01,4704.0
2019-05-02,4751.9
2019-05-03,4830.0
2019-05-04,5048.02
2019-05-05,5160.82
2019-05-06,5110.87
2019-05-07,5080.91
2019-05-08,5147.32
2019-05-09,5302.0
2019-05-10,5481.99
2019-05-11,5651.29
2019-05-12,6320.0
2019-05-13,6203.03
2019-05-14,6963.23
2019-05-15,7124.53
2019-05-16,7326.29
2019-05-17,7055.0
2019-05-18,6607.41
2019-05-19,6540.01
2019-05-20,7348.33
2019-05-21,7164.12
2019-05-22,7129.73
2019-05-23,6850.0
2019-05-24,7047.29
2019-05-25,7134.99
2019-05-26,7206.9
2019-05-27,7782.75
2019-05-28,7834.54
2019-05-29,7824.18
2019-05-30,7792.61
2019-05-31,7469.97
2019-06-01,7674.98
2019-06-02,7661.06
2019-06-03,7838.97
2019-06-04,7231.89
2019-06-05,6817.39
2019-06-06,6945.01
2019-06-07,6923.64
2019-06-08,7071.62
2019-06-09,7005.99
2019-06-10,6788.96
2019-06-11,7093.81
2019-06-12,6986.85
2019-06-13,7245.0
2019-06-14,7315.76
2019-06-15,7758.4
2019-06-16,7859.99
2019-06-17,7993.53
2019-06-18,8321.58
2019-06-19,8108.68
2019-06-20,8273.71
2019-06-21,8445.34
2019-06-22,8995.74
2019-06-23,9314.9
2019-06-24,9456.99
2019-06-25,9678.96
2019-06-26,10337.85
2019-06-27,11337.96
2019-06-28,9760.49
2019-06-29,10890.0
2019-06-30,10429.32
2019-07-01,9466.76
2019-07-02,9345.0
2019-07-03,9594.16
2019-07-04,10604.98
2019-07-05,9913.1
2019-07-06,9800.8
2019-07-07,10022.8
2019-07-08,10236.41
2019-07-09,10963.57
2019-07-10,11216.89
2019-07-11,10768.3
2019-07-12,10099.99
2019-07-13,10486.6
2019-07-14,10120.44
2019-07-15,9060.98
2019-07-16,9653.66
2019-07-17,8396.77
2019-07-18,8643.3
2019-07-19,9450.0
2019-07-20,9390.02
2019-07-21,9602.26
2019-07-22,9444.64
2019-07-23,9222.82
2019-07-24,8838.57
2019-07-25,8770.44
2019-07-26,8881.59
2019-07-27,8854.88
2019-07-28,8521.04
2019-07-29,8574.64
2019-07-30,8538.21
2019-07-31,8585.04
2019-08-01,9097.85
2019-08-02,9377.3
2019-08-03,9469.85
2019-08-04,9731.48
2019-08-05,9858.24
2019-08-06,10486.24
2019-08-07,10219.99
2019-08-08,10652.54
2019-08-09,10708.65
2019-08-10,10582.48
2019-08-11,10090.94
2019-08-12,10306.01
2019-08-13,10156.01
2019-08-14,9725.1
2019-08-15,8998.51
2019-08-16,9287.79
2019-08-17,9349.75
2019-08-18,9211.57
2019-08-19,9319.24
2019-08-20,9862.31
2019-08-21,9700.0
2019-08-22,9134.84
2019-08-23,9132.93
2019-08-24,9343.56
2019-08-25,9108.52
2019-08-26,9122.43
2019-08-27,9338.66
2019-08-28,9185.94
2019-08-29,8787.0
2019-08-30,8586.18
2019-08-31,8732.0
2019-09-01,8737.25
2019-09-02,8898.05
2019-09-03,9475.02
2019-09-04,9685.37
2019-09-05,9585.61
2019-09-06,9589.98
2019-09-07,9360.02
2019-09-08,9511.32
2019-09-09,9449.95
2019-09-10,9343.77
2019-09-11,9139.73
2019-09-12,9234.56
2019-09-13,9444.8
2019-09-14,9350.85
2019-09-15,9352.46
2019-09-16,9300.0
2019-09-17,9332.87
2019-09-18,9217.2
2019-09-19,9214.62
2019-09-20,9304.31
2019-09-21,9239.28
2019-09-22,9067.95
2019-09-23,9124.32
2019-09-24,8821.08
2019-09-25,7815.26
2019-09-26,7724.21
2019-09-27,7377.53
2019-09-28,7495.1
2019-09-29,7526.31
2019-09-30,7380.3
2019-10-01,7637.79
2019-10-02,7643.36
2019-10-03,7649.0
2019-10-04,7520.0
2019-10-05,7429.36
2019-10-06,7428.39
2019-10-07,7168.28
2019-10-08,7489.45
2019-10-09,7479.97
2019-10-10,7833.99
2019-10-11,7815.65
2019-10-12,7500.0
2019-10-13,7539.19
2019-10-14,7527.01
2019-10-15,7579.09
2019-10-16,7400.26
2019-10-17,7228.57
2019-10-18,7269.08
2019-10-19,7129.33
2019-10-20,7125.14
2019-10-21,7386.42
2019-10-22,7377.28
2019-10-23,7219.4
2019-10-24,6726.53
2019-10-25,6700.01
2019-10-26,7810.59
2019-10-27,8313.89
2019-10-28,8580.35
2019-10-29,8300.0
2019-10-30,8493.11
2019-10-31,8220.02
2019-11-01,8221.47
2019-11-02,8298.54
2019-11-03,8342.68
2019-11-04,8253.04
2019-11-05,8463.93
2019-11-06,8420.1
2019-11-07,8448.94
2019-11-08,8328.51
2019-11-09,7970.2
2019-11-10,8003.28
2019-11-11,8198.71
2019-11-12,7910.99
2019-11-13,8003.0
2019-11-14,7967.81
2019-11-15,7839.81
2019-11-16,7662.9
2019-11-17,7683.68
2019-11-18,7699.69
2019-11-19,7390.0
2019-11-20,7333.72
2019-11-21,7293.64
2019-11-22,6896.76
2019-11-23,6628.17
2019-11-24,6663.11
2019-11-25,6290.32
2019-11-26,6481.54
2019-11-27,6510.16
2019-11-28,6848.17
2019-11-29,6762.12
2019-11-30,7047.74
2019-12-01,6874.06
2019-12-02,6734.21
2019-12-03,6600.01
2019-12-04,6592.32
2019-12-05,6497.52
2019-12-06,6668.1
2019-12-07,6832.54
2019-12-08,6792.7
2019-12-09,6809.48
2019-12-10,6638.6
2019-12-11,6522.25
2019-12-12,6475.13
2019-12-13,6433.17
2019-12-14,6521.47
2019-12-15,6366.5
2019-12-16,6397.66
2019-12-17,6179.91
2019-12-18,5946.96
2019-12-19,6559.74
2019-12-20,6430.22
2019-12-21,6492.48
2019-12-22,6456.48
2019-12-23,6780.54
2019-12-24,6602.95
2019-12-25,6550.0
2019-12-26,6492.23
2019-12-27,6489.03
2019-12-28,6493.17
2019-12-29,6547.78
2019-12-30,6614.79
2019-12-31,6473.32
2020-01-01,6405.0
2020-01-02,6410.22
2020-01-03,6220.61
2020-01-04,6572.0
2020-01-05,6590.96
2020-01-06,6596.23
2020-01-07,6935.7
2020-01-08,7326.47
2020-01-09,7240.42
2020-01-10,7047.02
2020-01-11,7369.65
2020-01-12,7216.79
2020-01-13,7359.94
2020-01-14,7290.0
2020-01-15,7949.54
2020-01-16,7906.61
2020-01-17,7829.99
2020-01-18,8028.76
2020-01-19,8040.0
2020-01-20,7860.29
2020-01-21,7782.0
2020-01-22,7878.01
2020-01-23,7826.36
2020-01-24,7601.56
2020-01-25,7652.59
2020-01-26,7568.59
2020-01-27,7798.86
2020-01-28,8074.31
2020-01-29,8510.0
2020-01-30,8433.9
2020-01-31,8622.83
2020-02-01,8410.71
2020-02-02,8454.09
2020-02-03,8412.45
2020-02-04,8402.36
2020-02-05,8299.54
2020-02-06,8741.73
2020-02-07,8900.72
2020-02-08,8964.18
2020-02-09,9060.73
2020-02-10,9283.65
2020-02-11,9038.01
2020-02-12,9419.9
2020-02-13,9532.59
2020-02-14,9458.31
2020-02-15,9577.01
2020-02-16,9159.98
2020-02-17,9149.15
2020-02-18,8984.36
2020-02-19,9447.02
2020-02-20,8900.0
2020-02-21,8911.44
2020-02-22,8951.67
2020-02-23,8921.95
2020-02-24,9190.36
2020-02-25,8916.08
2020-02-26,8561.0
2020-02-27,8077.1
2020-02-28,8028.63
2020-02-29,7887.39
2020-03-01,7755.0
2020-03-02,7724.02
2020-03-03,8024.72
2020-03-04,7845.98
2020-03-05,7880.09
2020-03-06,8105.06
2020-03-07,8119.98
2020-03-08,7894.33
2020-03-09,7078.28
2020-03-10,6933.24
2020-03-11,6971.61
2020-03-12,7069.7
2020-03-13,4424.91
2020-03-14,5148.95
2020-03-15,4707.26
2020-03-16,4826.97
2020-03-17,4527.95
2020-03-18,4880.0
2020-03-19,4950.69
2020-03-20,5831.1
2020-03-21,5821.54
2020-03-22,5819.74
2020-03-23,5469.44
2020-03-24,6046.47
2020-03-25,6280.07
2020-03-26,6165.65
2020-03-27,6136.83
2020-03-28,5749.0
2020-03-29,5632.57
2020-03-30,5284.0
2020-03-31,5805.92
2020-04-01,5840.99
2020-04-02,6074.65
2020-04-03,6233.82
2020-04-04,6246.7
2020-04-05,6368.28
2020-04-06,6287.35
2020-04-07,6799.01
2020-04-08,6610.21
2020-04-09,6792.35
2020-04-10,6686.65
2020-04-11,6298.0
2020-04-12,6310.43
2020-04-13,6326.79
2020-04-14,6289.9
2020-04-15,6275.42
2020-04-16,6081.42
2020-04-17,6543.49
2020-04-18,6484.42
2020-04-19,6674.22
2020-04-20,6567.52
2020-04-21,6307.0
2020-04-22,6327.35
2020-04-23,6589.99
2020-04-24,6907.38
2020-04-25,6948.41
2020-04-26,6994.55
2020-04-27,7124.99
2020-04-28,7207.17
2020-04-29,7180.0
2020-04-30,8073.94
2020-05-01,7903.39
2020-05-02,8042.82
2020-05-03,8178.48
2020-05-04,8142.11
2020-05-05,8147.24
2020-05-06,8338.31
2020-05-07,8497.06
2020-05-08,9213.24
2020-05-09,9065.02
2020-05-10,8815.83
2020-05-11,8077.77
2020-05-12,7941.68
2020-05-13,8147.86
2020-05-14,8616.14
2020-05-15,9043.8
2020-05-16,8601.95
2020-05-17,8687.37
2020-05-18,8930.59
2020-05-19,8914.37
2020-05-20,8952.02
2020-05-21,8683.94
2020-05-22,8281.31
2020-05-23,8418.58
2020-05-24,8424.39
2020-05-25,7999.18
2020-05-26,8165.68
2020-05-27,8069.49
2020-05-28,8355.56
2020-05-29,8627.165
2020-05-30,8501.56
2020-05-31,8699.63
2020-06-01,8505.35
2020-06-02,9046.72
2020-06-03,8522.39
2020-06-04,8601.0
2020-06-05,8647.47
2020-06-06,8542.49
2020-06-07,8578.67
2020-06-08,8622.56
2020-06-09,8658.13
2020-06-10,8629.48
2020-06-11,8708.0
2020-06-12,8216.2
2020-06-13,8413.07
2020-06-14,8412.82
2020-06-15,8296.99
2020-06-16,8323.09
2020-06-17,8462.52
2020-06-18,8425.67
2020-06-19,8372.15
2020-06-20,8331.45
2020-06-21,8369.18
2020-06-22,8310.7
2020-06-23,8574.92
2020-06-24,8513.4
2020-06-25,8266.67
2020-06-26,8246.71
2020-06-27,8178.05
2020-06-28,8053.8
2020-06-29,8138.9
2020-06-30,8165.07
2020-07-01,8138.84
2020-07-02,8217.76
2020-07-03,8107.77
2020-07-04,8063.92
2020-07-05,8123.37
2020-07-06,8073.41
2020-07-07,8245.95
2020-07-08,8220.67
2020-07-09,8325.26
2020-07-10,8191.9
2020-07-11,8232.6
2020-07-12,8196.66
2020-07-13,8242.19
2020-07-14,8161.39
2020-07-15,8124.91
2020-07-16,8046.96
2020-07-17,8025.17
2020-07-18,8025.44
2020-07-19,8041.31
2020-07-20,8070.74
2020-07-21,8016.9
2020-07-22,8150.66
2020-07-23,8238.04
2020-07-24,8299.99
2020-07-25,8214.27
2020-07-26,8344.21
2020-07-27,8510.0
2020-07-28,9216.48
2020-07-29,9333.1
2020-07-30,9440.0
2020-07-31,9381.07
2020-08-01,9644.27
2020-08-02,10030.98
2020-08-03,9395.41
2020-08-04,9562.46
2020-08-05,9499.83
2020-08-06,9903.12
2020-08-07,9928.59
2020-08-08,9857.77
2020-08-09,9982.49
2020-08-10,9933.56
2020-08-11,10138.48
2020-08-12,9725.26
2020-08-13,9831.6
2020-08-14,9969.0
2020-08-15,9956.24
2020-08-16,10015.01
2020-08-17,10058.99
2020-08-18,10357.0
2020-08-19,10025.68
2020-08-20,9949.73
2020-08-21,10004.42
2020-08-22,9798.86
2020-08-23,9910.25
2020-08-24,9890.48
2020-08-25,9984.11
2020-08-26,9594.51
2020-08-27,9686.86
2020-08-28,9600.0
2020-08-29,9709.01
2020-08-30,9662.88
2020-08-31,9835.27
2020-09-01,9773.12
2020-09-02,9995.33
2020-09-03,9646.33
2020-09-04,8630.0
2020-09-05,8863.34
2020-09-06,8604.25
2020-09-07,8676.9
2020-09-08,8803.32
2020-09-09,8616.24
2020-09-10,8674.03
2020-09-11,8767.32
2020-09-12,8785.77
2020-09-13,8824.23
2020-09-14,8748.0
2020-09-15,9014.38
2020-09-16,9121.11
2020-09-17,9291.27
2020-09-18,9242.76
2020-09-19,9252.45
2020-09-20,9371.21
2020-09-21,9233.32
2020-09-22,8866.61
2020-09-23,8999.99
2020-09-24,8792.99
2020-09-25,9201.58
2020-09-26,9195.93
2020-09-27,9225.93
2020-09-28,9262.77
2020-09-29,9159.92
2020-09-30,9241.69
2020-10-01,9198.1
2020-10-02,9049.2
2020-10-03,9028.54
2020-10-04,9020.88
2020-10-05,9105.1
2020-10-06,9159.35
2020-10-07,9044.03
2020-10-08,9067.65
2020-10-09,9278.99
2020-10-10,9336.29
2020-10-11,9515.0
2020-10-12,9600.0
2020-10-13,9750.19
2020-10-14,9738.0
2020-10-15,9730.41
2020-10-16,9831.54
2020-10-17,9672.41
2020-10-18,9706.33
2020-10-19,9825.0
2020-10-20,9991.11
2020-10-21,10080.32
2020-10-22,10740.0
2020-10-23,10966.08
2020-10-24,10891.89
2020-10-25,11059.5
2020-10-26,11001.91
2020-10-27,11071.38
2020-10-28,11627.69
2020-10-29,11319.1
2020-10-30,11530.0
2020-10-31,11647.39
2020-11-01,11849.18
2020-11-02,11833.96
2020-11-03,11658.15
2020-11-04,11940.96
2020-11-05,12065.96
2020-11-06,13193.03
2020-11-07,13127.84
2020-11-08,12402.78
2020-11-09,12966.19
2020-11-10,12967.67
2020-11-11,12957.33
2020-11-12,13317.11
2020-11-13,13821.85
2020-11-14,13796.86
2020-11-15,13602.6
2020-11-16,13485.41
2020-11-17,14102.59
2020-11-18,14887.12
2020-11-19,15012.85
2020-11-20,15032.93
2020-11-21,15735.55
2020-11-22,15752.56
2020-11-23,15530.0
2020-11-24,15514.66
2020-11-25,16112.47
2020-11-26,15709.52
2020-11-27,14405.08
2020-11-28,14328.37
2020-11-29,14838.57
2020-11-30,15201.98
2020-12-01,16416.0
2020-12-02,15568.38
2020-12-03,15875.15
2020-12-04,16004.34
2020-12-05,15410.0
2020-12-06,15826.27
2020-12-07,15981.57
2020-12-08,15838.02
2020-12-09,15131.18
2020-12-10,15355.01
2020-12-11,15021.96
2020-12-12,14885.89
2020-12-13,15540.01
2020-12-14,15777.83
2020-12-15,15860.02
2020-12-16,15992.0
2020-12-17,17492.74
2020-12-18,18567.36
2020-12-19,18852.21
2020-12-20,19395.84
2020-12-21,19193.69
2020-12-22,18584.83
2020-12-23,19550.8
2020-12-24,19070.0
2020-12-25,19460.84
2020-12-26,20226.87
2020-12-27,21675.59
2020-12-28,21406.39
2020-12-29,22127.92
2020-12-30,22346.87
2020-12-31,23496.89
2021-01-01,23717.76
2021-01-02,24070.97
2021-01-03,25907.35
2021-01-04,25644.41
2021-01-05,26115.94
2021-01-06,27654.01
2021-01-07,29838.52
2021-01-08,32120.19
2021-01-09,33229.63
2021-01-10,32611.56
2021-01-11,31009.16
2021-01-12,29000.96
2021-01-13,27898.56
2021-01-14,30739.03
2021-01-15,32167.38
2021-01-16,30479.62
2021-01-17,29823.09
2021-01-18,29636.74
2021-01-19,30266.54
2021-01-20,29583.54
2021-01-21,29285.82
2021-01-22,25366.65
2021-01-23,27110.02
2021-01-24,26374.71
2021-01-25,26515.88
2021-01-26,26612.47
2021-01-27,26718.94
2021-01-28,25175.35
2021-01-29,27522.22
2021-01-30,28210.28
2021-01-31,28260.46
2021-02-01,27327.32
2021-02-02,27770.44
2021-02-03,29463.01
2021-02-04,31283.15
2021-02-05,30911.33
2021-02-06,31812.77
2021-02-07,32600.0
2021-02-08,32280.71
2021-02-09,38516.19
2021-02-10,38349.93
2021-02-11,36994.19
2021-02-12,39524.52
2021-02-13,39155.41
2021-02-14,39101.98
2021-02-15,40209.85
2021-02-16,39542.88
2021-02-17,40659.65
2021-02-18,43329.48
2021-02-19,42694.99
2021-02-20,46154.17
2021-02-21,46338.69
2021-02-22,47474.59
2021-02-23,44540.45
2021-02-24,40184.48
2021-02-25,40927.6
2021-02-26,38789.61
2021-02-27,38463.95
2021-02-28,38343.92
2021-03-01,37406.18
2021-03-02,41218.93
2021-03-03,40187.98
2021-03-04,41864.53
2021-03-05,40478.83
2021-03-06,40937.27
2021-03-07,41054.08
2021-03-08,42673.33
2021-03-09,44173.0
2021-03-10,46123.73
2021-03-11,46870.0
2021-03-12,48241.62
2021-03-13,47831.67
2021-03-14,50194.1
2021-03-15,49381.87
2021-03-16,46715.08
2021-03-17,47800.0
2021-03-18,49129.26
2021-03-19,48400.49
2021-03-20,48808.7
2021-03-21,48907.51
2021-03-22,48284.53
2021-03-23,45443.04
2021-03-24,45972.09
2021-03-25,44327.51
2021-03-26,43623.73
2021-03-27,46690.0
2021-03-28,47346.58
2021-03-29,47338.4
2021-03-30,48883.79
2021-03-31,50097.57
2021-04-01,50117.28
2021-04-02,49866.6
2021-04-03,50168.44
2021-04-04,48759.09
2021-04-05,49538.98
2021-04-06,50044.0
2021-04-07,48915.23
2021-04-08,47206.0
2021-04-09,48780.35
2021-04-10,48888.86
2021-04-11,50134.99
2021-04-12,50304.08
2021-04-13,50211.86
2021-04-14,53176.57
2021-04-15,52575.41
2021-04-16,52820.8
2021-04-17,51275.08
2021-04-18,50541.18
2021-04-19,47120.92
2021-04-20,46350.0
2021-04-21,46979.0
2021-04-22,44730.63
2021-04-23,43025.0
2021-04-24,42370.45
2021-04-25,41547.99
2021-04-26,40652.52
2021-04-27,44769.97
2021-04-28,45570.17
2021-04-29,45233.98
2021-04-30,44207.38
2021-05-01,48022.35
2021-05-02,47997.11
2021-05-03,47029.4
2021-05-04,47455.32
2021-05-05,44354.43
2021-05-06,47748.49
2021-05-07,46741.85
2021-05-08,47274.0
2021-05-09,48400.7
2021-05-10,47920.21
2021-05-11,45972.35
2021-05-12,46702.04
2021-05-13,41051.54
2021-05-14,41167.29
2021-05-15,41107.47
2021-05-16,38527.75
2021-05-17,38164.95
2021-05-18,35813.13
2021-05-19,35112.95
2021-05-20,30149.42
2021-05-21,33303.82
2021-05-22,30676.24
2021-05-23,30838.75
2021-05-24,28511.13
2021-05-25,31843.82
2021-05-26,31326.74
2021-05-27,32230.58
2021-05-28,31641.41
2021-05-29,29310.24
2021-05-30,28471.57
2021-05-31,29272.86
2021-06-01,30481.82
2021-06-02,30033.23
2021-06-03,30800.11
2021-06-04,32336.33
2021-06-05,30325.68
2021-06-06,29301.63
2021-06-07,29448.61
2021-06-08,27589.67
2021-06-09,27439.53
2021-06-10,30698.23
2021-06-11,30158.31
2021-06-12,30838.65
2021-06-13,29421.81
2021-06-14,32193.02
2021-06-15,33438.17
2021-06-16,33145.24
2021-06-17,31951.63
2021-06-18,31987.57
2021-06-19,30256.25
2021-06-20,29994.19
2021-06-21,29930.94
2021-06-22,26555.21
2021-06-23,27261.79
2021-06-24,28236.18
2021-06-25,29056.32
2021-06-26,26524.97
2021-06-27,27079.22
2021-06-28,29036.21
2021-06-29,28908.99
2021-06-30,30161.03
2021-07-01,29584.73
2021-07-02,28315.14
2021-07-03,28495.06
2021-07-04,29214.25
2021-07-05,29761.8
2021-07-06,28402.81
2021-07-07,28963.8
2021-07-08,28715.5
2021-07-09,27752.15
2021-07-10,28516.86
2021-07-11,28244.01
2021-07-12,28847.11
2021-07-13,27900.37
2021-07-14,27792.55
2021-07-15,27741.24
2021-07-16,26977.76
2021-07-17,26576.29
2021-07-18,26712.53
2021-07-19,26924.89
2021-07-20,26135.68
2021-07-21,25288.83
2021-07-22,27254.64
2021-07-23,27426.59
2021-07-24,28562.66
2021-07-25,29128.52
2021-07-26,30069.93
2021-07-27,31555.23
2021-07-28,33468.25
2021-07-29,33798.63
2021-07-30,33688.96
2021-07-31,35571.95
2021-08-01,34950.04
2021-08-02,33627.23
2021-08-03,32981.5
2021-08-04,32201.86
2021-08-05,33553.45
2021-08-06,34510.0
2021-08-07,36387.17
2021-08-08,37802.97
2021-08-09,37303.41
2021-08-10,39422.61
2021-08-11,38907.89
2021-08-12,38795.76
2021-08-13,37868.03
2021-08-14,40471.95
2021-08-15,39930.25
2021-08-16,39822.72
2021-08-17,38995.0
2021-08-18,38158.18
2021-08-19,38227.47
2021-08-20,40026.77
2021-08-21,42131.96
2021-08-22,41720.0
2021-08-23,42117.07
2021-08-24,42182.67
2021-08-25,40583.22
2021-08-26,41626.63
2021-08-27,39877.44
2021-08-28,41598.11
2021-08-29,41470.49
2021-08-30,41364.68
2021-08-31,39828.6
2021-09-01,39903.1
2021-09-02,41231.43
2021-09-03,41501.91
2021-09-04,42079.41
2021-09-05,42019.13
2021-09-06,43522.45
2021-09-07,44391.94
2021-09-08,39600.0
2021-09-09,38993.87
2021-09-10,39239.73
2021-09-11,38016.02
2021-09-12,38278.08
2021-09-13,38978.57
2021-09-14,38062.35
2021-09-15,39948.18
2021-09-16,40715.09
2021-09-17,40582.21
2021-09-18,40345.49
2021-09-19,41233.35
2021-09-20,40303.53
2021-09-21,36694.02
2021-09-22,34740.0
2021-09-23,37302.24
2021-09-24,38238.89
2021-09-25,36573.2
2021-09-26,36467.24
2021-09-27,36862.41
2021-09-28,36081.41
2021-09-29,35138.56
2021-09-30,35812.93
2021-10-01,37859.21
2021-10-02,41489.21
2021-10-03,41004.12
2021-10-04,41498.14
2021-10-05,42359.05
2021-10-06,44375.38
2021-10-07,47785.77
2021-10-08,46458.97
2021-10-09,46665.31
2021-10-10,47468.29
2021-10-11,47299.94
2021-10-12,49750.01
2021-10-13,48570.79
2021-10-14,49445.26
2021-10-15,49451.47
2021-10-16,53049.3
2021-10-17,52185.88
2021-10-18,52914.0
2021-10-19,53464.16
2021-10-20,55230.27
2021-10-21,56569.94
2021-10-22,53502.11
2021-10-23,52136.54
2021-10-24,52722.17
2021-10-25,52289.26
2021-10-26,54341.57
2021-10-27,52038.92
2021-10-28,50425.0
2021-10-29,51876.18
2021-10-30,53834.36
2021-10-31,53549.5
2021-11-01,53075.12
2021-11-02,52544.53
2021-11-03,54630.8
2021-11-04,54200.0
2021-11-05,53221.3
2021-11-06,52832.65
2021-11-07,53310.69
2021-11-08,54790.6
2021-11-09,58293.11
2021-11-10,57750.0
2021-11-11,56526.31
2021-11-12,56655.42
2021-11-13,56052.21
2021-11-14,56397.22
2021-11-15,57310.88
2021-11-16,56019.58
2021-11-17,53138.71
2021-11-18,53378.41
2021-11-19,50090.22
2021-11-20,51589.31
2021-11-21,53055.6
2021-11-22,52070.51
2021-11-23,50101.46
2021-11-24,51201.98
2021-11-25,51032.23
2021-11-26,52638.43
2021-11-27,47649.26
2021-11-28,48443.47
2021-11-29,50823.22
2021-11-30,51231.95
2021-12-01,50309.77
2021-12-02,50555.1
2021-12-03,50026.55
2021-12-04,47535.82
2021-12-05,43604.66
2021-12-06,43750.65
2021-12-07,44776.64
2021-12-08,44919.28
2021-12-09,44523.48
2021-12-10,42115.92
2021-12-11,41719.28
2021-12-12,43732.78
2021-12-13,44304.18
2021-12-14,41389.36
2021-12-15,42955.02
2021-12-16,43288.22
2021-12-17,42034.1
2021-12-18,41070.2
2021-12-19,41681.69
2021-12-20,41522.03
2021-12-21,41622.99
2021-12-22,43341.33
2021-12-23,42910.66
2021-12-24,44876.25
2021-12-25,44941.8
2021-12-26,44619.19
2021-12-27,44871.05
2021-12-28,44776.58
2021-12-29,42050.39
2021-12-30,40930.51
2021-12-31,41638.84
2022-01-01,40659.79
2022-01-02,42024.88
2022-01-03,41650.43
2022-01-04,41123.69
2022-01-05,40636.22
2022-01-06,38447.98
2022-01-07,38174.53
2022-01-08,36586.38
2022-01-09,36746.91
2022-01-10,36902.73
2022-01-11,36938.15
2022-01-12,37633.94
2022-01-13,38430.94
2022-01-14,37168.71
2022-01-15,37770.9
2022-01-16,37784.14
2022-01-17,37786.0
2022-01-18,37005.0
2022-01-19,37419.14
2022-01-20,36750.72
2022-01-21,35978.0
2022-01-22,32178.61
2022-01-23,30970.98
2022-01-24,32017.61
2022-01-25,32413.98
2022-01-26,32714.15
2022-01-27,32791.59
2022-01-28,33374.57
2022-01-29,33868.07
2022-01-30,34306.43
2022-01-31,34000.72
2022-02-01,34268.87
2022-02-02,34356.88
2022-02-03,32675.59
2022-02-04,32648.17
2022-02-05,36320.01
2022-02-06,36191.79
2022-02-07,37034.72
2022-02-08,38349.25
2022-02-09,38623.26
2022-02-10,38896.29
2022-02-11,38151.24
2022-02-12,37342.71
2022-02-13,37249.53
2022-02-14,37017.31
2022-02-15,37631.31
2022-02-16,39268.04
2022-02-17,38581.22
2022-02-18,35675.49
2022-02-19,35329.69
2022-02-20,35421.18
2022-02-21,33925.28
2022-02-22,32735.94
2022-02-23,33773.65
2022-02-24,32960.79
2022-02-25,34270.4
2022-02-26,34800.81
2022-02-27,34748.08
2022-02-28,33728.38
2022-03-01,38492.91
2022-03-02,39930.2
2022-03-03,39519.83
2022-03-04,38381.96
2022-03-05,35838.67
2022-03-06,36071.99
2022-03-07,35347.63
2022-03-08,34997.42
2022-03-09,35568.87
2022-03-10,37890.0
2022-03-11,35824.79
2022-03-12,35517.44
2022-03-13,35602.31
2022-03-14,34578.44
2022-03-15,36268.74
2022-03-16,35831.74
2022-03-17,37305.2
2022-03-18,36893.49
2022-03-19,37776.44
2022-03-20,38182.47
2022-03-21,37361.19
2022-03-22,37215.21
2022-03-23,38424.58
2022-03-24,38967.69
2022-03-25,39970.56
2022-03-26,40364.92
2022-03-27,40545.21
2022-03-28,42638.75
2022-03-29,42879.02
2022-03-30,42788.5
2022-03-31,42128.69
2022-04-01,41110.59
2022-04-02,41886.35
2022-04-03,41466.14
2022-04-04,42040.49
2022-04-05,42449.67
2022-04-06,41733.59
2022-04-07,39619.7
2022-04-08,39993.01
2022-04-09,38859.54
2022-04-10,39361.66
2022-04-11,38730.31
2022-04-12,36344.2
2022-04-13,37030.41
2022-04-14,37773.94
2022-04-15,36928.56
2022-04-16,37522.02
2022-04-17,37385.39
2022-04-18,36690.0
2022-04-19,37859.16
2022-04-20,38450.75
2022-04-21,38104.41
2022-04-22,37363.36
2022-04-23,36787.54
2022-04-24,36572.04
2022-04-25,36527.35
2022-04-26,37749.44
2022-04-27,35822.55
2022-04-28,37164.08
2022-04-29,37835.52
2022-04-30,36618.88
2022-05-01,35732.82
2022-05-02,36503.06
2022-05-03,36645.99
2022-05-04,35849.22
2022-05-05,37368.14
2022-05-06,34658.36
2022-05-07,34138.05
2022-05-08,33632.25
2022-05-09,32315.47
2022-05-10,28490.66
2022-05-11,29447.84
2022-05-12,27586.54
2022-05-13,27857.42
2022-05-14,28111.06
2022-05-15,28878.08
2022-05-16,30083.2
2022-05-17,28577.6
2022-05-18,28848.36
2022-05-19,27370.75
2022-05-20,28614.49
2022-05-21,27616.02
2022-05-22,27819.37
2022-05-23,28621.39
2022-05-24,27229.13
2022-05-25,27591.38
2022-05-26,27602.62
2022-05-27,27173.04
2022-05-28,26642.25
2022-05-29,27021.45
2022-05-30,27443.11
2022-05-31,29438.29
2022-06-01,29603.53
2022-06-02,27968.79
2022-06-03,28308.91
2022-06-04,27709.28
2022-06-05,27858.92
2022-06-06,27873.79
2022-06-07,29315.32
2022-06-08,29065.83
2022-06-09,28180.23
2022-06-10,28327.87
2022-06-11,27634.08
2022-06-12,27013.37
2022-06-13,25325.01
2022-06-14,21578.05
2022-06-15,21191.2
2022-06-16,21582.92
2022-06-17,19329.19
2022-06-18,19484.08
2022-06-19,18041.77
2022-06-20,19591.45
2022-06-21,19542.2
2022-06-22,19658.62
2022-06-23,18899.59
2022-06-24,20044.65
2022-06-25,20093.91
2022-06-26,20363.08
2022-06-27,19889.86
2022-06-28,19582.37
2022-06-29,19240.11
2022-06-30,19228.03
2022-07-01,19035.88
2022-07-02,18465.98
2022-07-03,18442.15
2022-07-04,18486.23
2022-07-05,19372.3
2022-07-06,19637.0
2022-07-07,20167.65
2022-07-08,21254.99
2022-07-09,21185.57
2022-07-10,21200.57
2022-07-11,20493.78
2022-07-12,19854.82
2022-07-13,19256.4
2022-07-14,20153.29
2022-07-15,20521.3
2022-07-16,20655.78
2022-07-17,21035.97
2022-07-18,20597.21
2022-07-19,22123.14
2022-07-20,22866.46
2022-07-21,22802.31
2022-07-22,22646.11
2022-07-23,22234.85
2022-07-24,22008.21
2022-07-25,22142.79
2022-07-26,20837.58
2022-07-27,20999.84
2022-07-28,22514.97
2022-07-29,23399.53
2022-07-30,23248.24
2022-07-31,23142.0
2022-08-01,22836.82
2022-08-02,22675.71
2022-08-03,22636.16
2022-08-04,22481.52
2022-08-05,22078.67
2022-08-06,22896.46
2022-08-07,22544.71
2022-08-08,22784.95
2022-08-09,23362.34
2022-08-10,22682.11
2022-08-11,23267.27
2022-08-12,23203.25
2022-08-13,23784.71
2022-08-14,23846.82
2022-08-15,23715.21
2022-08-16,23720.52
2022-08-17,23457.74
2022-08-18,22935.83
2022-08-19,22988.43
2022-08-20,20745.35
2022-08-21,21063.66
2022-08-22,21441.16
2022-08-23,21533.17
2022-08-24,21588.09
2022-08-25,21438.73
2022-08-26,21636.41
2022-08-27,20325.07
2022-08-28,20123.62
2022-08-29,19678.27
2022-08-30,20266.23
2022-08-31,19775.54
2022-09-01,19976.67
2022-09-02,20228.56
2022-09-03,20046.73
2022-09-04,19921.21
2022-09-05,20171.72
2022-09-06,19908.7
2022-09-07,18990.13
2022-09-08,19297.39
2022-09-09,19307.01
2022-09-10,21262.86
2022-09-11,21529.96
2022-09-12,21676.14
2022-09-13,22121.63
2022-09-14,20209.74
2022-09-15,20274.69
2022-09-16,19727.89
2022-09-17,19779.7
2022-09-18,20091.49
2022-09-19,19371.69
2022-09-20,19478.07
2022-09-21,18932.24
2022-09-22,18781.76
2022-09-23,19713.15
2022-09-24,19889.7
2022-09-25,19505.84
2022-09-26,19418.9
2022-09-27,19981.94
2022-09-28,19892.7
2022-09-29,19999.2
2022-09-30,19937.55
2022-10-01,19822.21
2022-10-02,19698.76
2022-10-03,19460.04
2022-10-04,19965.94
2022-10-05,20374.27
2022-10-06,20350.72
2022-10-07,20393.24
2022-10-08,20063.18
2022-10-09,19941.1
2022-10-10,19975.33
2022-10-11,19707.26
2022-10-12,19651.69
2022-10-13,19733.47
2022-10-14,19840.33
2022-10-15,19739.02
2022-10-16,19626.49
2022-10-17,19771.42
2022-10-18,19856.36
2022-10-19,19601.88
2022-10-20,19589.37
2022-10-21,19478.99
2022-10-22,19447.24
2022-10-23,19492.88
2022-10-24,19842.82
2022-10-25,19558.76
2022-10-26,20167.69
2022-10-27,20571.12
2022-10-28,20362.46
2022-10-29,20662.5
2022-10-30,20873.77
2022-10-31,20724.85
2022-11-01,20732.79
2022-11-02,20739.87
2022-11-03,20535.35
2022-11-04,20729.86
2022-11-05,21241.75
2022-11-06,21382.08
2022-11-07,21058.94
2022-11-08,20554.67
2022-11-09,18433.32
2022-11-10,15866.44
2022-11-11,17242.72
2022-11-12,16423.43
2022-11-13,16191.52
2022-11-14,15776.48
2022-11-15,16074.0
2022-11-16,16302.05
2022-11-17,16025.13
2022-11-18,16105.93
2022-11-19,16156.75
2022-11-20,16154.55
2022-11-21,15738.13
2022-11-22,15386.88
2022-11-23,15708.29
2022-11-24,15928.8
2022-11-25,15938.18
2022-11-26,15862.71
2022-11-27,15816.84
2022-11-28,15838.68
2022-11-29,15660.0
2022-11-30,15919.09
2022-12-01,16475.47
2022-12-02,16134.55
2022-12-03,16231.0
2022-12-04,16043.55
2022-12-05,16228.3
2022-12-06,16164.94
2022-12-07,16324.34
2022-12-08,16018.53
2022-12-09,16310.1
2022-12-10,16257.15
2022-12-11,16246.14
2022-12-12,16233.49
2022-12-13,16319.3
2022-12-14,16725.84
2022-12-15,16670.52
2022-12-16,16301.01
2022-12-17,15713.37
2022-12-18,15840.38
2022-12-19,15810.64
2022-12-20,15480.47
2022-12-21,15909.66
2022-12-22,15852.65
2022-12-23,15865.7
2022-12-24,15788.03
2022-12-25,15833.51
2022-12-26,15836.76
2022-12-27,15900.0
2022-12-28,15691.23
2022-12-29,15551.02
2022-12-30,15589.65
2022-12-31,15507.33
2023-01-01,15428.96
2023-01-02,15519.44
2023-01-03,15604.16
2023-01-04,15798.06
2023-01-05,15883.92
2023-01-06,15991.95
2023-01-07,15912.4
2023-01-08,15916.31
2023-01-09,16068.15
2023-01-10,16004.8
2023-01-11,16246.35
2023-01-12,16664.54
2023-01-13,17360.88
2023-01-14,18401.77
2023-01-15,19327.44
2023-01-16,19281.17
2023-01-17,19568.42
2023-01-18,19597.47
2023-01-19,19132.1
2023-01-20,19458.56
2023-01-21,20879.77
2023-01-22,20988.77
2023-01-23,20906.51
2023-01-24,21088.33
2023-01-25,20780.9
2023-01-26,21113.72
2023-01-27,21119.77
2023-01-28,21236.99
2023-01-29,21204.34
2023-01-30,21845.0
2023-01-31,21047.09
2023-02-01,21304.22
2023-02-02,21554.8
2023-02-03,21567.11
2023-02-04,21703.05
2023-02-05,21605.88
2023-02-06,21264.22
2023-02-07,21215.98
2023-02-08,21654.23
2023-02-09,21444.14
2023-02-10,20306.5
2023-02-11,20259.77
2023-02-12,20494.22
2023-02-13,20404.11
2023-02-14,20308.52
2023-02-15,20670.39
2023-02-16,22736.58
2023-02-17,22048.67
2023-02-18,22973.79
2023-02-19,23026.0
2023-02-20,22712.62
2023-02-21,23243.05
2023-02-22,22962.47
2023-02-23,22807.38
2023-02-24,22592.55
2023-02-25,21988.63
2023-02-26,21996.77
2023-02-27,22331.34
2023-02-28,22147.19
2023-03-01,21878.23
2023-03-02,22155.31
2023-03-03,22141.28
2023-03-04,21012.13
2023-03-05,21030.73
2023-03-06,21111.6
2023-03-07,20973.23
2023-03-08,21032.61
2023-03-09,20567.88
2023-03-10,19239.6
2023-03-11,18973.47
2023-03-12,19251.87
2023-03-13,20638.47
2023-03-14,22273.3
2023-03-15,22992.35
2023-03-16,23004.51
2023-03-17,23599.11
2023-03-18,25677.82
2023-03-19,25249.93
2023-03-20,26263.76
2023-03-21,25927.76
2023-03-22,26160.57
2023-03-23,25143.74
2023-03-24,26153.32
2023-03-25,25576.77
2023-03-26,25568.06
2023-03-27,25980.94
2023-03-28,25122.64
2023-03-29,25171.92
2023-03-30,26147.73
2023-03-31,25728.72
2023-04-01,26260.54
2023-04-02,26260.25
2023-04-03,26092.86
2023-04-04,25508.25
2023-04-05,25720.78
2023-04-06,25838.79
2023-04-07,25707.67
2023-04-08,25618.37
2023-04-09,25674.79
2023-04-10,25975.61
2023-04-11,27268.38
2023-04-12,27678.39
2023-04-13,27200.96
2023-04-14,27527.58
2023-04-15,27717.21
2023-04-16,27591.04
2023-04-17,27615.96
2023-04-18,26937.3
2023-04-19,27692.52
2023-04-20,26319.31
2023-04-21,25767.2
2023-04-22,24795.07
2023-04-23,25376.95
2023-04-24,25110.87
2023-04-25,24889.34
2023-04-26,25796.55
2023-04-27,25751.0
2023-04-28,26738.6
2023-04-29,26608.11
2023-04-30,26543.59
2023-05-01,26537.65
2023-05-02,25593.34
2023-05-03,26043.09
2023-05-04,26228.85
2023-05-05,26183.22
2023-05-06,26793.83
2023-05-07,26237.54
2023-05-08,25839.72
2023-05-09,25188.42
2023-05-10,25217.41
2023-05-11,25151.29
2023-05-12,24732.48
2023-05-13,24705.09
2023-05-14,24693.56
2023-05-15,24816.56
2023-05-16,24987.07
2023-05-17,24879.41
2023-05-18,25280.59
2023-05-19,24888.95
2023-05-20,24884.12
2023-05-21,25090.0
2023-05-22,24726.42
2023-05-23,24840.11
2023-05-24,25270.53
2023-05-25,24470.85
2023-05-26,24693.75
2023-05-27,24908.42
2023-05-28,25044.64
2023-05-29,26173.97
2023-05-30,25900.85
2023-05-31,25814.74
2023-06-01,25456.08
2023-06-02,24932.19
2023-06-03,25455.96
2023-06-04,25292.33
2023-06-05,25353.62
2023-06-06,24037.92
2023-06-07,25453.61
2023-06-08,24599.51
2023-06-09,24584.13
2023-06-10,24634.82
2023-06-11,24108.87
2023-06-12,24129.58
2023-06-13,24070.87
2023-06-14,24029.79
2023-06-15,23164.46
2023-06-16,23364.87
2023-06-17,24063.1
2023-06-18,24233.64
2023-06-19,24078.73
2023-06-20,24568.79
2023-06-21,25922.32
2023-06-22,27276.06
2023-06-23,27258.0
2023-06-24,28168.0
2023-06-25,28014.57
2023-06-26,27937.73
2023-06-27,27735.34
2023-06-28,28014.75
2023-06-29,27553.99
2023-06-30,28010.36
2023-07-01,27909.64
2023-07-02,28028.65
2023-07-03,28046.79
2023-07-04,28540.43
2023-07-05,28270.75
2023-07-06,28091.07
2023-07-07,27469.23
2023-07-08,27688.7
2023-07-09,27635.08
2023-07-10,27511.19
2023-07-11,27631.83
2023-07-12,27809.03
2023-07-13,27279.4
2023-07-14,28026.78
2023-07-15,27052.22
2023-07-16,27031.12
2023-07-17,26955.25
2023-07-18,26826.59
2023-07-19,26619.45
2023-07-20,26707.6
2023-07-21,26764.3
2023-07-22,26885.06
2023-07-23,26795.71
2023-07-24,27051.79
2023-07-25,26388.13
2023-07-26,26453.25
2023-07-27,26498.54
2023-07-28,26597.56
2023-07-29,26596.94
2023-07-30,26637.31
2023-07-31,26552.81
2023-08-01,26562.33
2023-08-02,26960.44
2023-08-03,26637.52
2023-08-04,26639.69
2023-08-05,26416.11
2023-08-06,26411.9
2023-08-07,26395.93
2023-08-08,26513.76
2023-08-09,27144.88
2023-08-10,26922.72
2023-08-11,26796.16
2023-08-12,26847.48
2023-08-13,26886.26
2023-08-14,26757.29
2023-08-15,26947.79
2023-08-16,26741.25
2023-08-17,26383.75
2023-08-18,24513.33
2023-08-19,23987.95
2023-08-20,24057.19
2023-08-21,24091.06
2023-08-22,23976.24
2023-08-23,24015.52
2023-08-24,24333.87
2023-08-25,24224.72
2023-08-26,24132.0
2023-08-27,24105.67
2023-08-28,24173.83
2023-08-29,24092.71
2023-08-30,25488.48
2023-08-31,24981.85
2023-09-01,23913.76
2023-09-02,23938.64
2023-09-03,24018.19
2023-09-04,24099.76
2023-09-05,23916.17
2023-09-06,24047.35
2023-09-07,24020.42
2023-09-08,24555.27
2023-09-09,24218.24
2023-09-10,24220.65
2023-09-11,24115.34
2023-09-12,23414.48
2023-09-13,24026.86
2023-09-14,24442.67
2023-09-15,24942.81
2023-09-16,24947.64
2023-09-17,24896.82
2023-09-18,24863.57
2023-09-19,25027.79
2023-09-20,25478.36
2023-09-21,25457.86
2023-09-22,24914.62
2023-09-23,24962.63
2023-09-24,24979.88
2023-09-25,24654.94
2023-09-26,24809.81
2023-09-27,24788.36
2023-09-28,25085.07
2023-09-29,25582.21
2023-09-30,25448.47
2023-10-01,25505.25
2023-10-02,26478.33
2023-10-03,26244.29
2023-10-04,26195.91
2023-10-05,26453.87
2023-10-06,26000.99
2023-10-07,26410.05
2023-10-08,26435.12
2023-10-09,26433.51
2023-10-10,26087.49
2023-10-11,25834.89
2023-10-12,25296.81
2023-10-13,25386.28
2023-10-14,25577.09
2023-10-15,25564.68
2023-10-16,25825.08
2023-10-17,27012.17
2023-10-18,26862.63
2023-10-19,26878.91
2023-10-20,27149.65
2023-10-21,28006.06
2023-10-22,28232.38
2023-10-23,28313.97
2023-10-24,31013.55
2023-10-25,32017.0
2023-10-26,32659.92
2023-10-27,32331.33
2023-10-28,32086.23
2023-10-29,32280.06
2023-10-30,32729.36
2023-10-31,32508.63
2023-11-01,32769.07
2023-11-02,33478.01
2023-11-03,32932.61
2023-11-04,32402.37
2023-11-05,32743.52
2023-11-06,32674.53
2023-11-07,32718.63
2023-11-08,33129.51
2023-11-09,33282.19
2023-11-10,34434.72
2023-11-11,34956.94
2023-11-12,34813.24
2023-11-13,34720.75
2023-11-14,34094.92
2023-11-15,32706.47
2023-11-16,34942.69
2023-11-17,33345.42
2023-11-18,33610.55
2023-11-19,33587.35
2023-11-20,34305.09
2023-11-21,34265.66
2023-11-22,32767.42
2023-11-23,34375.45
2023-11-24,34226.25
2023-11-25,34505.89
2023-11-26,34580.97
2023-11-27,34261.33
2023-11-28,34010.38
2023-11-29,34393.59
2023-11-30,34520.35
2023-12-01,34659.51
2023-12-02,35572.65
2023-12-03,36252.15
2023-12-04,36728.86
2023-12-05,38746.88
2023-12-06,40837.97
2023-12-07,40656.41
2023-12-08,40148.8
2023-12-09,41084.98
2023-12-10,40651.9
2023-12-11,40688.73
2023-12-12,38307.12
2023-12-13,38422.5
2023-12-14,39426.25
2023-12-15,39159.64
2023-12-16,38518.78
2023-12-17,38830.1
2023-12-18,37973.04
2023-12-19,39057.89
2023-12-20,38512.07
2023-12-21,39890.19
2023-12-22,39874.76
2023-12-23,39996.65
2023-12-24,39803.1
2023-12-25,39163.5
2023-12-26,39582.57
2023-12-27,38530.92
2023-12-28,39151.63
2023-12-29,38492.33
2023-12-30,38217.53
2023-12-31,38278.51
2024-01-01,38427.75
2024-01-02,40090.38
2024-01-03,41120.45
2024-01-04,39332.21
2024-01-05,40412.75
2024-01-06,40426.58
2024-01-07,40264.14
2024-01-08,40205.88
2024-01-09,42919.85
2024-01-10,42240.61
2024-01-11,42576.83
2024-01-12,42227.19
2024-01-13,39146.18
2024-01-14,39198.09
2024-01-15,38127.68
2024-01-16,38856.28
2024-01-17,39676.66
2024-01-18,39272.26
2024-01-19,37960.89
2024-01-20,38236.24
2024-01-21,38280.44
2024-01-22,38174.34
2024-01-23,36345.19
2024-01-24,36765.32
2024-01-25,36845.18
2024-01-26,36845.62
2024-01-27,38562.87
2024-01-28,38866.0
2024-01-29,38787.09
2024-01-30,39975.64
2024-01-31,39617.28
2024-02-01,39399.41
2024-02-02,39621.22
2024-02-03,40001.38
2024-02-04,39852.73
2024-02-05,39489.16
2024-02-06,39731.54
2024-02-07,40065.55
2024-02-08,41128.84
2024-02-09,42012.5
2024-02-10,43120.37
2024-02-11,44027.18
2024-02-12,44552.73
2024-02-13,46210.59
2024-02-14,46434.8
2024-02-15,48300.68
2024-02-16,48194.01
2024-02-17,48405.14
2024-02-18,47969.59
2024-02-19,48354.0
2024-02-20,48056.14
2024-02-21,48364.32
2024-02-22,47935.53
2024-02-23,47370.1
2024-02-24,46873.1
2024-02-25,47632.45
2024-02-26,47803.84
2024-02-27,49979.74
2024-02-28,52587.36
2024-02-29,57460.8
2024-03-01,56477.23
2024-03-02,57572.75
2024-03-03,57211.22
2024-03-04,58227.89
2024-03-05,62779.25
2024-03-06,58821.41
2024-03-07,60629.09
2024-03-08,61047.91
2024-03-09,62408.25
2024-03-10,62533.05
2024-03-11,63064.25
2024-03-12,65670.35
2024-03-13,65424.91
2024-03-14,66772.14
2024-03-15,65631.65
2024-03-16,63873.31
2024-03-17,59904.06
2024-03-18,62811.29
2024-03-19,62135.91
2024-03-20,56992.73
2024-03-21,62104.86
2024-03-22,60303.64
2024-03-23,59092.76
2024-03-24,59251.76
2024-03-25,62197.99
2024-03-26,64434.81
2024-03-27,64578.78
2024-03-28,64163.42
2024-03-29,65616.11
2024-03-30,64789.86
2024-03-31,64567.04
2024-04-01,66069.44
2024-04-02,64909.14
2024-04-03,60866.56
2024-04-04,60944.89
2024-04-05,63262.09
2024-04-06,62626.49
2024-04-07,63625.4
2024-04-08,64047.18
2024-04-09,65914.02
2024-04-10,63710.86
2024-04-11,65761.16
2024-04-12,65278.57
2024-04-13,63328.63
2024-04-14,61007.42
2024-04-15,61867.6
2024-04-16,59747.5
2024-04-17,60117.86
2024-04-18,57485.91
2024-04-19,59694.8
2024-04-20,59991.74
2024-04-21,61053.53
2024-04-22,60953.54
2024-04-23,62755.47
2024-04-24,62068.17
2024-04-25,60083.17
2024-04-26,60145.04
2024-04-27,59639.84
2024-04-28,59364.4
2024-04-29,58947.56
2024-04-30,59581.08
2024-05-01,56852.18
2024-05-02,54372.6
2024-05-03,55082.13
2024-05-04,58507.14
2024-05-05,59392.98
2024-05-06,59506.98
2024-05-07,58660.03
2024-05-08,57960.87
2024-05-09,56949.08
2024-05-10,58515.65
2024-05-11,56514.18
2024-05-12,56491.52
2024-05-13,57072.72
2024-05-14,58319.76
2024-05-15,56908.07
2024-05-16,60777.05
2024-05-17,60018.57
2024-05-18,61687.99
2024-05-19,61590.63
2024-05-20,60927.75
2024-05-21,65521.16
2024-05-22,64375.99
2024-05-23,63894.83
2024-05-24,62820.83
2024-05-25,63235.38
2024-05-26,63921.45
2024-05-27,63154.49
2024-05-28,63872.07
2024-05-29,62969.8
2024-05-30,62545.97
2024-05-31,63092.0
2024-06-01,62241.35
2024-06-02,62441.25
2024-06-03,62428.48
2024-06-04,63087.58
2024-06-05,64789.75
2024-06-06,65357.71
2024-06-07,64984.68
2024-06-08,64258.71
2024-06-09,64278.15
2024-06-10,64648.18
2024-06-11,64528.44
2024-06-12,62726.38
2024-06-13,63136.04
2024-06-14,62171.28
2024-06-15,61734.7
2024-06-16,61829.19
2024-06-17,62262.17
2024-06-18,61904.82
2024-06-19,60685.06
2024-06-20,60456.22
2024-06-21,60577.71
2024-06-22,59995.39
2024-06-23,59992.1
2024-06-24,59107.12
2024-06-25,56171.92
2024-06-26,57713.87
2024-06-27,56935.04
2024-06-28,57545.9
2024-06-29,56344.17
2024-06-30,56870.73
2024-07-01,58407.41
2024-07-02,58527.56
2024-07-03,57733.05
2024-07-04,55766.78
2024-07-05,52763.09
2024-07-06,52267.47
2024-07-07,53696.89
2024-07-08,51589.15
2024-07-09,52254.91
2024-07-10,53632.74
2024-07-11,53276.98
2024-07-12,52728.22
2024-07-13,53109.92
2024-07-14,54257.68
2024-07-15,55876.86
2024-07-16,59432.32
2024-07-17,59699.03
2024-07-18,58600.56
2024-07-19,58709.62
2024-07-20,61282.0
2024-07-21,61646.21
2024-07-22,62526.97
2024-07-23,62030.69
2024-07-24,60748.81
2024-07-25,60333.99
2024-07-26,60650.01
2024-07-27,62555.8
2024-07-28,62415.04
2024-07-29,62866.5
2024-07-30,61700.0
2024-07-31,61173.33
2024-08-01,59715.77
2024-08-02,60569.39
2024-08-03,56347.78
2024-08-04,55717.27
2024-08-05,53315.25
2024-08-06,49408.05
2024-08-07,51374.96
2024-08-08,50495.77
2024-08-09,56563.2
2024-08-10,55800.62
2024-08-11,55859.19
2024-08-12,53835.66
2024-08-13,54312.58
2024-08-14,55129.9
2024-08-15,53328.0
2024-08-16,52491.11
2024-08-17,53464.65
2024-08-18,54000.0
2024-08-19,53046.89
2024-08-20,53652.29
2024-08-21,53057.22
2024-08-22,54841.8
2024-08-23,54311.19
2024-08-24,57308.88
2024-08-25,57269.55
2024-08-26,57402.19
2024-08-27,56291.64
2024-08-28,53225.98
2024-08-29,53088.39
2024-08-30,53580.64
2024-08-31,53563.66
2024-09-01,53394.63
2024-09-02,51931.36
2024-09-03,53431.08
2024-09-04,52033.15
2024-09-05,52323.86
2024-09-06,50553.7
2024-09-07,48768.11
2024-09-08,48922.03
2024-09-09,49526.79
2024-09-10,51715.0
2024-09-11,52311.79
2024-09-12,52106.57
2024-09-13,52495.12
2024-09-14,54677.74
2024-09-15,54164.78
2024-09-16,53343.95
2024-09-17,52290.93
2024-09-18,54261.74
2024-09-19,55562.82
2024-09-20,56392.87
2024-09-21,56634.75
2024-09-22,56753.13
2024-09-23,56988.75
2024-09-24,56985.67
2024-09-25,57426.47
2024-09-26,56715.03
2024-09-27,58329.32
2024-09-28,58936.22
2024-09-29,58982.04
2024-09-30,58742.25
2024-10-01,56853.11
2024-10-02,54900.0
2024-10-03,54905.63
2024-10-04,55047.76
2024-10-05,56572.45
2024-10-06,56513.02
2024-10-07,57256.48
2024-10-08,56722.36
2024-10-09,56622.64
2024-10-10,55379.26
2024-10-11,55146.64
2024-10-12,57140.17
2024-10-13,57728.29
2024-10-14,57519.27
2024-10-15,60393.03
2024-10-16,61565.84
2024-10-17,62222.06
2024-10-18,62201.5
2024-10-19,62976.42
2024-10-20,62835.98
2024-10-21,63446.06
2024-10-22,62154.91
2024-10-23,62400.56
2024-10-24,61791.39
2024-10-25,62976.58
2024-10-26,61744.48
2024-10-27,62136.66
2024-10-28,62928.34
2024-10-29,64636.79
2024-10-30,67134.23
2024-10-31,66595.95
2024-11-01,64506.43
2024-11-02,64175.87
2024-11-03,64124.73
2024-11-04,63426.11
2024-11-05,62357.98
2024-11-06,63491.53
2024-11-07,70304.54
2024-11-08,70292.42
2024-11-09,71421.23
2024-11-10,71550.49
2024-11-11,74757.19
2024-11-12,82274.06
2024-11-13,82311.26
2024-11-14,85278.66
2024-11-15,82917.2
2024-11-16,86288.69
2024-11-17,85665.95
2024-11-18,85060.53
2024-11-19,85423.38
2024-11-20,87157.0
2024-11-21,89280.02
2024-11-22,93554.33
2024-11-23,94718.42
2024-11-24,93208.66
2024-11-25,93421.96
2024-11-26,88950.0
2024-11-27,87600.65
2024-11-28,90854.12
2024-11-29,90616.99
2024-11-30,92147.09
2024-12-01,91143.29
2024-12-02,92099.58
2024-12-03,91275.31
2024-12-04,91229.73
2024-12-05,93790.5
2024-12-06,91712.59
2024-12-07,94436.71
2024-12-08,94421.99
2024-12-09,95685.97
2024-12-10,92274.1
2024-12-11,91846.33
2024-12-12,96272.32
2024-12-13,95419.29
2024-12-14,96561.92
2024-12-15,96522.66
2024-12-16,99111.37
2024-12-17,100729.3
2024-12-18,101171.9
2024-12-19,96807.26
2024-12-20,94015.48
2024-12-21,93898.51
2024-12-22,93445.59
2024-12-23,91204.69
2024-12-24,91113.12
2024-12-25,94865.41
2024-12-26,95615.6
2024-12-27,91817.68
2024-12-28,90412.16
2024-12-29,91231.22
2024-12-30,89702.09
2024-12-31,88994.94
2025-01-01,90119.83
2025-01-02,91175.14
2025-01-03,94383.32
2025-01-04,95250.0
2025-01-05,95290.25
2025-01-06,95451.75
2025-01-07,98495.27
2025-01-08,93797.12
2025-01-09,92245.12
2025-01-10,90004.76
2025-01-11,92545.14
2025-01-12,92294.18
2025-01-13,92273.29
2025-01-14,92157.52
2025-01-15,93699.5
2025-01-16,97576.0
2025-01-17,97015.92
2025-01-18,101082.23
2025-01-19,101417.35
2025-01-20,98574.14
2025-01-21,98104.39
2025-01-22,102009.11
2025-01-23,99585.58
2025-01-24,99819.12
2025-01-25,99975.31
2025-01-26,99888.28
2025-01-27,98088.57
2025-01-28,97792.05
2025-01-29,97180.33
2025-01-30,99536.53
2025-01-31,100695.33
2025-02-01,98885.16
2025-02-02,97328.62
2025-02-03,95427.29
2025-02-04,98421.52
2025-02-05,94347.3
2025-02-06,92832.17
2025-02-07,93050.7
2025-02-08,93519.29
2025-02-09,93546.88
2025-02-10,93607.15
2025-02-11,94600.07
2025-02-12,92434.48
2025-02-13,94176.67
2025-02-14,92350.38
2025-02-15,92978.87
2025-02-16,93084.75
2025-02-17,91634.19
2025-02-18,91380.86
2025-02-19,91464.96
2025-02-20,92669.87
2025-02-21,93629.1
2025-02-22,91938.12
2025-02-23,92314.71
2025-02-24,91874.6
2025-02-25,87541.35
2025-02-26,84266.53
2025-02-27,80179.22
2025-02-28,81391.61
2025-03-01,81285.36
2025-03-02,83010.7
2025-03-03,90642.23
2025-03-04,82187.99
2025-03-05,82171.64
2025-03-06,84016.85
2025-03-07,83390.93
2025-03-08,80111.44
2025-03-09,79646.91
2025-03-10,74310.03
2025-03-11,72520.77
2025-03-12,76054.25
2025-03-13,76888.29
2025-03-14,74705.46
2025-03-15,77250.67
2025-03-16,77618.38
2025-03-17,75928.62
2025-03-18,76931.2
2025-03-19,75598.98
2025-03-20,79613.78
2025-03-21,77571.21
2025-03-22,77682.19
2025-03-23,77503.62
2025-03-24,79452.9
2025-03-25,81016.58
2025-03-26,81040.5
2025-03-27,80925.43
2025-03-28,80751.73
2025-03-29,77969.88
2025-03-30,76375.24
2025-03-31,76135.85
2025-04-01,76328.78
2025-04-02,78902.29
2025-04-03,75617.59
2025-04-04,75302.11
2025-04-05,76514.6
2025-04-06,76155.8
2025-04-07,71296.12
2025-04-08,72528.92
2025-04-09,69444.22
2025-04-10,75376.12
2025-04-11,70691.12
2025-04-12,73421.64
2025-04-13,75134.91
2025-04-14,73818.45
2025-04-15,74667.55
2025-04-16,74096.2
2025-04-17,73724.36
2025-04-18,74703.99
2025-04-19,74161.26
2025-04-20,74673.81
2025-04-21,74465.95
2025-04-22,75995.58
2025-04-23,82333.82
2025-04-24,82718.26
2025-04-25,82682.47
2025-04-26,83332.8
2025-04-27,83339.36
2025-04-28,82679.76
2025-04-29,83320.25
2025-04-30,82783.16
2025-05-01,83185.77
2025-05-02,85446.97
2025-05-03,85760.36
2025-05-04,84928.87
2025-05-05,83258.9
2025-05-06,83775.72
2025-05-07,85380.33
2025-05-08,85846.35
2025-05-09,91862.6
2025-05-10,91450.28
2025-05-11,93040.62
2025-05-12,92660.19
2025-05-13,92613.58
2025-05-14,93092.82
2025-05-15,92572.28
2025-05-16,92751.72
2025-05-17,92658.48
2025-05-18,92381.68
2025-05-19,95118.84
2025-05-20,94025.74
2025-05-21,94674.94
2025-05-22,96762.35
2025-05-23,98914.62
2025-05-24,94483.29
2025-05-25,94894.79
2025-05-26,95889.39
2025-05-27,96120.94
2025-05-28,96110.72
2025-05-29,95943.76
2025-05-30,92822.04
2025-05-31,91725.02
2025-06-01,92311.3
2025-06-02,93138.52
2025-06-03,92494.38
2025-06-04,92649.88
2025-06-05,91737.04
2025-06-06,88694.66
2025-06-07,91611.45
2025-06-08,92682.69
2025-06-09,92742.67
2025-06-10,96531.14
2025-06-11,96422.14
2025-06-12,94422.97
2025-06-13,91086.77
2025-06-14,91902.93
2025-06-15,91348.75
2025-06-16,91523.94
2025-06-17,92457.34
2025-06-18,91020.72
2025-06-19,91411.94
2025-06-20,90903.94
2025-06-21,89675.72
2025-06-22,88703.25
2025-06-23,87823.88
2025-06-24,90903.34
2025-06-25,91324.07
2025-06-26,91942.7
2025-06-27,91494.19
2025-06-28,91417.8
2025-06-29,91638.08
2025-06-30,92430.31
2025-07-01,90926.69
2025-07-02,89557.21
2025-07-03,92268.33
2025-07-04,93172.23
2025-07-05,91777.26
2025-07-06,91969.73
2025-07-07,92731.71
2025-07-08,92230.52
2025-07-09,92944.5
2025-07-10,94802.88
2025-07-11,98798.6
2025-07-12,100055.49
2025-07-13,99917.81
2025-07-14,101674.35
2025-07-15,102631.35
2025-07-16,101416.11
2025-07-17,101977.52
2025-07-18,102576.69
2025-07-19,101440.73
2025-07-20,101392.52
2025-07-21,100843.32
2025-07-22,100416.25
2025-07-23,102226.69
2025-07-24,100920.98
2025-07-25,100700.9
2025-07-26,100144.89
2025-07-27,100410.87
2025-07-28,101585.84
2025-07-29,101803.84
2025-07-30,102080.95
2025-07-31,103071.35
2025-08-01,101383.62
2025-08-02,97853.86
2025-08-03,97188.32
2025-08-04,98705.62
2025-08-05,99370.77
2025-08-06,98567.01
2025-08-07,98652.06
2025-08-08,100622.56
2025-08-09,100128.95
2025-08-10,99643.18
2025-08-11,102323.74
2025-08-12,102198.23
2025-08-13,102791.51
2025-08-14,104927.84
2025-08-15,101623.4
2025-08-16,100432.77
2025-08-17,100487.76
2025-08-18,100360.74
2025-08-19,99682.72
2025-08-20,96959.52
2025-08-21,98102.13
2025-08-22,96834.15
2025-08-23,99307.74
2025-08-24,97909.36
2025-08-25,96837.57
2025-08-26,94859.7
2025-08-27,96057.58
2025-08-28,95529.74
2025-08-29,96383.48
2025-08-30,92810.09
2025-08-31,93202.15
2025-09-01,92610.89
2025-09-02,93273.04
2025-09-03,95580.18
2025-09-04,95840.88
2025-09-05,95013.39
2025-09-06,94510.01
2025-09-07,94115.92
2025-09-08,94877.36
2025-09-09,95231.58
2025-09-10,95317.32
2025-09-11,97390.86
2025-09-12,98462.77
2025-09-13,98867.29
2025-09-14,98523.45
2025-09-15,98319.7
2025-09-16,98086.58
2025-09-17,98425.16
2025-09-18,98498.37
2025-09-19,99337.51
2025-09-20,98555.3
2025-09-21,98612.06
2025-09-22,98244.56
2025-09-23,95528.87
2025-09-24,94822.87
2025-09-25,96547.47
2025-09-26,93523.18
2025-09-27,93801.2
2025-09-28,93823.3
2025-09-29,95894.83
2025-09-30,97501.4
2025-10-01,97226.61
2025-10-02,101075.92
2025-10-03,102831.72
2025-10-04,104000.0
2025-10-05,103989.83
2025-10-06,105042.12
2025-10-07,106220.14
2025-10-08,104167.06
2025-10-09,106070.94
2025-10-10,105248.74
2025-10-11,98226.51
2025-10-12,96597.46
2025-10-13,99363.28
2025-10-14,99734.37
2025-10-15,97539.54
2025-10-16,95159.64
2025-10-17,92526.0
