date,EH/s
2018-01-01,15.177350249500002
2018-01-02,14.9755809597
2018-01-03,16.415540667400002
2018-01-04,15.071578273499998
2018-01-05,16.1275487258
2018-01-06,13.7276158797
2018-01-07,16.1275487258
2018-01-08,15.551564842800001
2018-01-09,15.935554098099999
2018-01-10,15.7435594704
2018-01-11,15.935554098099999
2018-01-12,18.527481571899997
2018-01-13,17.0875218643
2018-01-14,16.5012891138
2018-01-15,17.1657705546
2018-01-16,16.6120360206
2018-01-17,17.6087581818
2018-01-18,18.4947334362
2018-01-19,19.159214877
2018-01-20,18.273239622600002
2018-01-21,19.7129494111
2018-01-22,20.7096715723
2018-01-23,18.4947334362
2018-01-24,19.6022025043
2018-01-25,19.4914555975
2018-01-26,20.4451485648
2018-01-27,20.0569495414
2018-01-28,20.315748890299997
2018-01-29,20.4451485648
2018-01-30,19.1511518202
2018-01-31,21.6097456349
2018-02-01,15.1397619119
2018-02-02,20.7039479137
2018-02-03,21.7391453094
2018-02-04,20.4451485648
2018-02-05,23.033142054000002
2018-02-06,23.938939775199998
2018-02-07,24.2931413193
2018-02-08,20.1490172119
2018-02-09,18.720008899
2018-02-10,19.291612224199998
2018-02-11,20.4348188745
2018-02-12,21.578025524799997
2018-02-13,23.7215379942
2018-02-14,23.435736331599998
2018-02-15,25.5792488009
2018-02-16,18.720008899
2018-02-17,22.435430512499998
2018-02-18,21.2922238622
2018-02-19,23.149934669
2018-02-20,23.149934669
2018-02-21,21.079198666099998
2018-02-22,25.2651388267
2018-02-23,22.2751815691
2018-02-24,22.1256837062
2018-02-25,21.677190117600002
2018-02-26,25.564134552499997
2018-02-27,21.079198666099998
2018-02-28,23.9196580608
2018-03-01,23.172168746399997
2018-03-02,24.6671473752
2018-03-03,23.3216666093
2018-03-04,26.9096153184
2018-03-05,22.1256837062
2018-03-06,24.3729597309
2018-03-07,25.5179981076
2018-03-08,25.6815750185
2018-03-09,26.4994595732
2018-03-10,23.8822289981
2018-03-11,22.9007675324
2018-03-12,25.0272673747
2018-03-13,26.3358826623
2018-03-14,25.8451519294
2018-03-15,23.5550751762
2018-03-16,23.5550751762
2018-03-17,25.5179981076
2018-03-18,24.3729597309
2018-03-19,25.9907112964
2018-03-20,26.6792069599
2018-03-21,21.8597373155
2018-03-22,26.1628352123
2018-03-23,24.613719969399998
2018-03-24,22.8924808107
2018-03-25,26.8513308757
2018-03-26,23.236728642499997
2018-03-27,25.8185873805
2018-03-28,26.1628352123
2018-03-29,23.236728642499997
2018-03-30,26.1628352123
2018-03-31,27.884074371
2018-04-01,22.0318612314
2018-04-02,28.2747942168
2018-04-03,27.2275796162
2018-04-04,28.449329983600002
2018-04-05,25.6567577153
2018-04-06,27.2275796162
2018-04-07,24.0859358143
2018-04-08,31.4164380187
2018-04-09,28.1002584501
2018-04-10,25.6567577153
2018-04-11,28.6238657504
2018-04-12,28.1002584501
2018-04-13,26.878508082699998
2018-04-14,28.7984015171
2018-04-15,26.1469265195
2018-04-16,31.1091169538
2018-04-17,26.910340432399998
2018-04-18,30.9182634756
2018-04-19,30.5365565191
2018-04-20,33.971919127499994
2018-04-21,26.1469265195
2018-04-22,30.3457030408
2018-04-23,30.5365565191
2018-04-24,29.2005821714
2018-04-25,30.3457030408
2018-04-26,23.474977824099998
2018-04-27,26.910340432399998
2018-04-28,28.3911458893
2018-04-29,25.592018829799997
2018-04-30,31.590148243
2018-05-01,30.9903353017
2018-05-02,31.590148243
2018-05-03,27.9912705951
2018-05-04,30.1905847133
2018-05-05,27.5913953009
2018-05-06,32.1899611843
2018-05-07,27.3914576537
2018-05-08,29.990647066100003
2018-05-09,27.791332947999997
2018-05-10,31.9900235372
2018-05-11,30.7903976546
2018-05-12,26.161151169100002
2018-05-13,33.9888971883
2018-05-14,30.4870108113
2018-05-15,27.1911177506
2018-05-16,30.0750241787
2018-05-17,36.872803616300004
2018-05-18,27.1911177506
2018-05-19,30.4870108113
2018-05-20,31.722970709
2018-05-21,29.663037546100004
2018-05-22,32.3409506579
2018-05-23,31.1049907602
2018-05-24,33.3709172394
2018-05-25,30.6162463183
2018-05-26,37.6815339303
2018-05-27,34.6841391858
2018-05-28,35.112338435000005
2018-05-29,33.3995414382
2018-05-30,29.7598478199
2018-05-31,37.2533346811
2018-06-01,36.3969361826
2018-06-02,35.5405376842
2018-06-03,32.5431429398
2018-06-04,34.8982388104
2018-06-05,39.180231302500005
2018-06-06,42.9806601034
2018-06-07,36.1037544869
2018-06-08,35.1213393988
2018-06-09,35.6125469429
2018-06-10,35.1213393988
2018-06-11,31.191679046500003
2018-06-12,34.3845280828
2018-06-13,35.6125469429
2018-06-14,35.1213393988
2018-06-15,37.577377119000005
2018-06-16,37.577377119000005
2018-06-17,40.7702261553
2018-06-18,38.559792207099996
2018-06-19,40.279018611199994
2018-06-20,39.1225961405
2018-06-21,39.1225961405
2018-06-22,42.908653831600006
2018-06-23,38.112980756300004
2018-06-24,40.3846153709
2018-06-25,43.1610576776
2018-06-26,39.6274038327
2018-06-27,36.8509615259
2018-06-28,30.540865374200003
2018-06-29,39.6274038327
2018-06-30,38.112980756300004
2018-07-01,35.5889422956
2018-07-02,37.103365372
2018-07-03,37.5948162563
2018-07-04,30.929068693100003
2018-07-05,35.7284069386
2018-07-06,36.528296646200005
2018-07-07,42.660784404299996
2018-07-08,41.5942647942
2018-07-09,42.1275245992
2018-07-10,36.2616667437
2018-07-11,39.7278554765
2018-07-12,35.9950368411
2018-07-13,37.5948162563
2018-07-14,38.1280760613
2018-07-15,35.4617770361
2018-07-16,35.4617770361
2018-07-17,31.995588303199998
2018-07-18,40.9318684915
2018-07-19,44.793365519
2018-07-20,44.0210661135
2018-07-21,39.6447028157
2018-07-22,35.2683395178
2018-07-23,46.8528306003
2018-07-24,42.7339004377
2018-07-25,40.9318684915
2018-07-26,45.565664924500005
2018-07-27,42.476467302500005
2018-07-28,42.9913335728
2018-07-29,37.3278045992
2018-07-30,50.2771831008
2018-07-31,39.630250208899994
2018-08-01,43.4749759754
2018-08-02,44.3622203831
2018-08-03,45.2494647908
2018-08-04,49.0941905573
2018-08-05,52.0516719162
2018-08-06,47.319701742
2018-08-07,38.7430058012
2018-08-08,44.657968519
2018-08-09,46.4324573343
2018-08-10,44.0664722472
2018-08-11,52.0516719162
2018-08-12,52.3763698984
2018-08-13,49.2302730794
2018-08-14,47.6421997543
2018-08-15,43.1955944439
2018-08-16,51.1359610696
2018-08-17,50.183117074500004
2018-08-18,48.277429084299996
2018-08-19,50.8183464046
2018-08-20,46.0541264291
2018-08-21,47.6421997543
2018-08-22,47.0069704242
2018-08-23,50.8183464046
2018-08-24,47.3245850893
2018-08-25,48.824180026
2018-08-26,45.1456459145
2018-08-27,57.8533092089
2018-08-28,61.866255512500004
2018-08-29,51.165065369800004
2018-08-30,46.4832946823
2018-08-31,51.499477561700004
2018-09-01,51.83388975370001
2018-09-02,50.4962409858
2018-09-03,48.1553556421
2018-09-04,48.1553556421
2018-09-05,42.1359361869
2018-09-06,44.142409338600004
2018-09-07,50.1618287939
2018-09-08,52.6739431675
2018-09-09,52.3389429549
2018-09-10,56.8749846776
2018-09-11,47.1050486594
2018-09-12,49.1986063776
2018-09-13,58.6196161095
2018-09-14,51.641090382200005
2018-09-15,46.0582698003
2018-09-16,48.8496800912
2018-09-17,48.5007538049
2018-09-18,47.1050486594
2018-09-19,49.547532663999995
2018-09-20,54.4325006731
2018-09-21,54.756137202699996
2018-09-22,51.200543877899996
2018-09-23,55.1116965352
2018-09-24,53.3338998728
2018-09-25,52.6227812078
2018-09-26,60.08952719
2018-09-27,49.4227472154
2018-09-28,50.8449845454
2018-09-29,54.756137202699996
2018-09-30,54.045018537699995
2018-10-01,57.956171195100005
2018-10-02,56.178374532700005
2018-10-03,48.711628550499995
2018-10-04,51.5561032103
2018-10-05,54.9119626283
2018-10-06,48.1765052061
2018-10-07,46.3235626982
2018-10-08,52.6235672252
2018-10-09,50.0294477141
2018-10-10,48.1765052061
2018-10-11,53.3647442283
2018-10-12,58.923571752099996
2018-10-13,48.9176822093
2018-10-14,52.2529787236
2018-10-15,42.247089180799996
2018-10-16,60.0353372569
2018-10-17,50.0294477141
2018-10-18,51.141213218800004
2018-10-19,49.2744904825
2018-10-20,50.7027365835
2018-10-21,51.0597981087
2018-10-22,49.2744904825
2018-10-23,55.3445364115
2018-10-24,54.9874748863
2018-10-25,40.3479523516
2018-10-26,48.9174289573
2018-10-27,51.0597981087
2018-10-28,48.5603674321
2018-10-29,49.988613533
2018-10-30,52.1309826844
2018-10-31,54.9874748863
2018-11-01,58.2010286134
2018-11-02,54.9993608518
2018-11-03,51.0708350767
2018-11-04,57.4993317997
2018-11-05,43.928060940099996
2018-11-06,51.4279737835
2018-11-07,45.713754474299996
2018-11-08,46.428031887900005
2018-11-09,43.2137835264
2018-11-10,45.356615767399994
2018-11-11,46.7851705947
2018-11-12,52.142251197200004
2018-11-13,49.9994189562
2018-11-14,42.8566448196
2018-11-15,48.2137254221
2018-11-16,45.356615767399994
2018-11-17,41.6729241289
2018-11-18,47.9569364976
2018-11-19,40.6807116497
2018-11-20,41.6729241289
2018-11-21,43.6573490875
2018-11-22,34.7274367741
2018-11-23,40.3499741566
2018-11-24,41.3421866359
2018-11-25,47.2954615114
2018-11-26,42.003661622
2018-11-27,36.711861732600006
2018-11-28,43.326611594400006
2018-11-29,39.0270241843
2018-11-30,34.7274367741
2018-12-01,33.404486801800005
2018-12-02,41.011449142800004
2018-12-03,37.7040742119
2018-12-04,35.1013059821
2018-12-05,38.7344275899
2018-12-06,36.488953526699994
2018-12-07,37.892374816200004
2018-12-08,31.9980054003
2018-12-09,35.646900753
2018-12-10,35.927585010899996
2018-12-11,34.8048479793
2018-12-12,35.0855322372
2018-12-13,33.682110947700004
2018-12-14,36.7696377846
2018-12-15,40.979901653
2018-12-16,41.8219544267
2018-12-17,32.2786896582
2018-12-18,44.9094812636
2018-12-19,35.7665294261
2018-12-20,37.8224074037
2018-12-21,34.2686241577
2018-12-22,35.5378324599
2018-12-23,44.4222905749
2018-12-24,44.676132235299995
2018-12-25,38.583932385
2018-12-26,40.360824008
2018-12-27,39.8531406872
2018-12-28,44.168448914399995
2018-12-29,42.3915572914
2018-12-30,35.030149138999995
2018-12-31,44.676132235299995
2019-01-01,43.2917967609
2019-01-02,41.6159852734
2019-01-03,42.1745891025
2019-01-04,43.2917967609
2019-01-05,41.6159852734
2019-01-06,45.5262120776
2019-01-07,39.3815699567
2019-01-08,39.3815699567
2019-01-09,47.2020235651
2019-01-10,45.805513992200005
2019-01-11,43.5710986755
2019-01-12,41.3366833588
2019-01-13,38.5436642129
2019-01-14,38.2643622983
2019-01-15,43.423390216899996
2019-01-16,38.6092939849
2019-01-17,38.9017886363
2019-01-18,37.1468207279
2019-01-19,40.3642618933
2019-01-20,38.9017886363
2019-01-21,45.9216602699
2019-01-22,43.874197710100006
2019-01-23,38.024304682099995
2019-01-24,42.704219104500005
2019-01-25,47.3841335269
2019-01-26,40.3642618933
2019-01-27,43.874197710100006
2019-01-28,40.0717672419
2019-01-29,42.070546815600004
2019-01-30,42.2010682452
2019-01-31,39.3105841188
2019-02-01,44.8025039589
2019-02-02,45.669649196900004
2019-02-03,41.6229714199
2019-02-04,39.8886809441
2019-02-05,42.490116657799994
2019-02-06,42.490116657799994
2019-02-07,47.403939672700005
2019-02-08,50.294423799099995
2019-02-09,47.11489126
2019-02-10,43.3572618958
2019-02-11,41.0189872961
2019-02-12,43.691361641
2019-02-13,38.5689261383
2019-02-14,46.1019195247
2019-02-15,42.4860826992
2019-02-16,38.2676064028
2019-02-17,45.1979603183
2019-02-18,47.9098379374
2019-02-19,46.7045589956
2019-02-20,47.005878730999996
2019-02-21,39.1715656092
2019-02-22,35.8570485192
2019-02-23,48.813797143799995
2019-02-24,43.088722170100006
2019-02-25,41.2982582978
2019-02-26,43.162133913599995
2019-02-27,48.595129790899996
2019-02-28,42.5584677051
2019-03-01,45.27496564370001
2019-03-02,48.8969628952
2019-03-03,39.841969766400005
2019-03-04,44.0676332265
2019-03-05,41.3511352879
2019-03-06,44.9731325394
2019-03-07,38.6346373493
2019-03-08,42.8603008093
2019-03-09,44.0676332265
2019-03-10,41.6529683922
2019-03-11,41.045042971
2019-03-12,42.8394453543
2019-03-13,43.1411315892
2019-03-14,40.7276417101
2019-03-15,46.7613664079
2019-03-16,46.157993938100006
2019-03-17,49.174856287
2019-03-18,44.0461902939
2019-03-19,48.5714838172
2019-03-20,52.493404870800006
2019-03-21,48.5714838172
2019-03-22,43.1411315892
2019-03-23,48.5714838172
2019-03-24,43.744504059
2019-03-25,47.4901069906
2019-03-26,46.93302083299999
2019-03-27,42.4934107542
2019-03-28,47.2501358387
2019-03-29,46.298790821800004
2019-03-30,46.6159058274
2019-03-31,44.0789857824
2019-04-01,44.0789857824
2019-04-02,43.127640765500004
2019-04-03,49.7870558837
2019-04-04,45.0303307993
2019-04-05,44.396100788000005
2019-04-06,50.1041708893
2019-04-07,44.0810375637
2019-04-08,44.809649515000004
2019-04-09,47.034242044100004
2019-04-10,41.949459120499995
2019-04-11,47.034242044100004
2019-04-12,49.8944324387
2019-04-13,47.9876388423
2019-04-14,42.902855918600004
2019-04-15,38.771469793099996
2019-04-16,46.080845246
2019-04-17,46.080845246
2019-04-18,43.8562527168
2019-04-19,47.3520409769
2019-04-20,48.3054377751
2019-04-21,41.63166018770001
2019-04-22,51.1991330238
2019-04-23,42.3186555417
2019-04-24,36.6340600211
2019-04-25,51.4771705469
2019-04-26,45.1609533019
2019-04-27,47.6874401999
2019-04-28,43.2660881284
2019-04-29,51.4771705469
2019-04-30,51.4771705469
2019-05-01,44.2135207152
2019-05-02,54.003657445
2019-05-03,58.1091986542
2019-05-04,48.0032510622
2019-05-05,43.0060753622
2019-05-06,42.978500695
2019-05-07,50.3081674802
2019-05-08,42.312167350900005
2019-05-09,50.6413341523
2019-05-10,49.9750008082
2019-05-11,41.6458340068
2019-05-12,43.3116673671
2019-05-13,52.6403341846
2019-05-14,55.6388342331
2019-05-15,50.6413341523
2019-05-16,49.6418341361
2019-05-17,48.642334119999994
2019-05-18,50.3081674802
2019-05-19,50.9867434509
2019-05-20,54.3261230261
2019-05-21,53.6595448295
2019-05-22,50.993232042900004
2019-05-23,55.6592794194
2019-05-24,52.659677534500005
2019-05-25,50.993232042900004
2019-05-26,46.6604737647
2019-05-27,54.9927012227
2019-05-28,55.6592794194
2019-05-29,54.6594121244
2019-05-30,57.9923031076
2019-05-31,53.664058505999996
2019-06-01,43.3862605764
2019-06-02,55.9942337353
2019-06-03,48.577778935999994
2019-06-04,44.1279060563
2019-06-05,57.1067019552
2019-06-06,59.3316383951
2019-06-07,58.2191701751
2019-06-08,58.5899929151
2019-06-09,45.9820197562
2019-06-10,54.5109427755
2019-06-11,58.2191701751
2019-06-12,53.0276518156
2019-06-13,48.577778935999994
2019-06-14,55.9942337353
2019-06-15,62.2641231632
2019-06-16,53.775192232
2019-06-17,47.8820204806
2019-06-18,48.986990184
2019-06-19,60.0366872179
2019-06-20,65.1932125005
2019-06-21,53.0385457631
2019-06-22,48.986990184
2019-06-23,51.933576059699995
2019-06-24,66.66650543829999
2019-06-25,65.1932125005
2019-06-26,53.775192232
2019-06-27,60.773333686899996
2019-06-28,55.5399731845
2019-06-29,64.2931875738
2019-06-30,68.6319916432
2019-07-01,59.9543835044
2019-07-02,56.4044529022
2019-07-03,62.3210039059
2019-07-04,67.843118176
2019-07-05,65.8709345081
2019-07-06,74.5485426469
2019-07-07,70.2097385775
2019-07-08,60.348820237999995
2019-07-09,70.2097385775
2019-07-10,65.7401704585
2019-07-11,58.1250559334
2019-07-12,58.1250559334
2019-07-13,73.8954199463
2019-07-14,63.5320378807
2019-07-15,65.3343651964
2019-07-16,65.7849470254
2019-07-17,72.9942562884
2019-07-18,59.9273832491
2019-07-19,54.5204013019
2019-07-20,53.168655815
2019-07-21,79.75298372249999
2019-07-22,67.1366925122
2019-07-23,71.1919289727
2019-07-24,64.2128451846
2019-07-25,62.2828113455
2019-07-26,67.21166691959999
2019-07-27,74.3809113911
2019-07-28,68.1078224786
2019-07-29,78.41361140629999
2019-07-30,75.27706695
2019-07-31,63.627044683899996
2019-08-01,76.6213002884
2019-08-02,63.627044683899996
2019-08-03,75.7251447295
2019-08-04,77.5174558473
2019-08-05,74.8289891705
2019-08-06,70.3053790081
2019-08-07,79.916269034
2019-08-08,75.9452742994
2019-08-09,70.4851565393
2019-08-10,72.9670282485
2019-08-11,74.9525256158
2019-08-12,75.9452742994
2019-08-13,66.0177874629
2019-08-14,77.93077166670001
2019-08-15,75.44889995759999
2019-08-16,77.93077166670001
2019-08-17,72.9670282485
2019-08-18,63.5359157538
2019-08-19,62.740159349
2019-08-20,82.5145047904
2019-08-21,77.4522652327
2019-08-22,68.8464579846
2019-08-23,71.3775777635
2019-08-24,77.4522652327
2019-08-25,80.9958329231
2019-08-26,78.46471314419999
2019-08-27,69.3526819404
2019-08-28,68.3402340288
2019-08-29,76.4398173211
2019-08-30,83.5269527019
2019-08-31,80.9958329231
2019-09-01,84.0331766577
2019-09-02,75.9591238205
2019-09-03,79.7863499315
2019-09-04,87.8185328106
2019-09-05,72.82512476970001
2019-09-06,88.3540116692
2019-09-07,84.605659659
2019-09-08,80.3218287902
2019-09-09,94.77975797239999
2019-09-10,78.1799133557
2019-09-11,97.45715226540001
2019-09-12,98.5281099826
2019-09-13,84.605659659
2019-09-14,81.7119743616
2019-09-15,91.61812562610001
2019-09-16,86.8894481744
2019-09-17,96.3468030777
2019-09-18,87.48053285590001
2019-09-19,102.848734574
2019-09-20,87.48053285590001
2019-09-21,89.2537869002
2019-09-22,98.1200571221
2019-09-23,98.1200571221
2019-09-24,67.3836536863
2019-09-25,92.800294989
2019-09-26,92.2092103075
2019-09-27,102.1557150684
2019-09-28,83.7268163184
2019-09-29,100.85275602
2019-09-30,86.26399257050001
2019-10-01,82.4582281924
2019-10-02,90.7040510117
2019-10-03,93.8755213267
2019-10-04,93.2412272637
2019-10-05,93.2412272637
2019-10-06,100.2184619569
2019-10-07,94.5098153898
2019-10-08,98.3155797679
2019-10-09,102.75563820900001
2019-10-10,87.53258069660001
2019-10-11,103.681264293
2019-10-12,100.8751760846
2019-10-13,86.0025539696
2019-10-14,91.82227566680001
2019-10-15,87.2958254578
2019-10-16,98.9352688522
2019-10-17,92.46891141089999
2019-10-18,96.99536161980001
2019-10-19,103.46171906100001
2019-10-20,91.82227566680001
2019-10-21,94.4088186433
2019-10-22,102.815083317
2019-10-23,109.281440758
2019-10-24,109.14437631749999
2019-10-25,90.5207528588
2019-10-26,93.9237886806
2019-10-27,95.2850030093
2019-10-28,78.2698239005
2019-10-29,91.20136002320001
2019-10-30,90.5207528588
2019-10-31,91.20136002320001
2019-11-01,89.8401456945
2019-11-02,88.4789313658
2019-11-03,91.20136002320001
2019-11-04,93.9237886806
2019-11-05,89.8401456945
2019-11-06,98.0074316667
2019-11-07,89.8401456945
2019-11-08,91.7370903691
2019-11-09,80.9363061161
2019-11-10,91.05334438070001
2019-11-11,104.9642719944
2019-11-12,95.4795486214
2019-11-13,85.3625103569
2019-11-14,85.3625103569
2019-11-15,106.861216669
2019-11-16,99.9057528621
2019-11-17,93.58260394679999
2019-11-18,97.376493296
2019-11-19,88.5240848145
2019-11-20,92.9502890553
2019-11-21,89.78871459759999
2019-11-22,87.14325496420001
2019-11-23,85.1272036531
2019-11-24,111.56822903
2019-11-25,84.4823005951
2019-11-26,80.61288224719999
2019-11-27,78.6781730733
2019-11-28,89.6415250589
2019-11-29,105.11919845039999
2019-11-30,87.70681588500001
2019-12-01,81.2577853052
2019-12-02,89.6415250589
2019-12-03,93.5109434068
2019-12-04,101.894683161
2019-12-05,107.6988106823
2019-12-06,93.386357498
2019-12-07,92.81613737720001
2019-12-08,99.21725029970001
2019-12-09,94.7364712539
2019-12-10,94.7364712539
2019-12-11,94.7364712539
2019-12-12,84.4946905778
2019-12-13,85.1348018701
2019-12-14,97.296916423
2019-12-15,96.65680513070001
2019-12-16,79.3738002398
2019-12-17,100.49747288420001
2019-12-18,90.2556922081
2019-12-19,85.77491316230001
2019-12-20,100.62231011509999
2019-12-21,100.413778964
2019-12-22,113.287340369
2019-12-23,108.7815938773
2019-12-24,92.04596405
2019-12-25,80.45975878499999
2019-12-26,82.3907929958
2019-12-27,107.494237737
2019-12-28,93.33332019059999
2019-12-29,95.9080324717
2019-12-30,99.7701008933
2019-12-31,106.850559666
2020-01-01,93.33332019059999
2020-01-02,112.718458533
2020-01-03,96.7177183124
2020-01-04,115.9240737219
2020-01-05,115.238132457
2020-01-06,111.808426134
2020-01-07,92.6020707246
2020-01-08,120.725662574
2020-01-09,97.40365957700001
2020-01-10,107.69277854639999
2020-01-11,102.20524842900001
2020-01-12,111.808426134
2020-01-13,103.5771309586
2020-01-14,98.0896008416
2020-01-15,99.60727122
2020-01-16,110.9151193662
2020-01-17,116.791417081
2020-01-18,116.791417081
2020-01-19,96.9589122936
2020-01-20,110.180582152
2020-01-21,111.649656581
2020-01-22,112.3841937949
2020-01-23,114.58780543799999
2020-01-24,116.791417081
2020-01-25,111.64965658050001
2020-01-26,120.464103153
2020-01-27,105.03882165099999
2020-01-28,94.7553006506
2020-01-29,107.321517017
2020-01-30,123.011831713
2020-01-31,119.93653592
2020-02-01,110.710648542
2020-02-02,116.09241617900001
2020-02-03,109.9418245933
2020-02-04,113.785944334
2020-02-05,122.243007765
2020-02-06,122.2430077646
2020-02-07,103.791233008
2020-02-08,106.8665288
2020-02-09,106.8665288005
2020-02-10,117.630064075
2020-02-11,93.79652168099999
2020-02-12,114.1908508763
2020-02-13,109.742275189
2020-02-14,108.969442265
2020-02-15,104.3324447221
2020-02-16,109.742275189
2020-02-17,109.742275189
2020-02-18,121.3347690472
2020-02-19,115.92493858
2020-02-20,108.969442265
2020-02-21,97.37694840729999
2020-02-22,119.01627027599999
2020-02-23,114.37927273199999
2020-02-24,109.7422751892
2020-02-25,108.969442265
2020-02-26,111.020255745
2020-02-27,104.7007754273
2020-02-28,113.169220499
2020-02-29,121.63766557
2020-03-01,107.0103513558
2020-03-02,114.7089377843
2020-03-03,117.7883723557
2020-03-04,117.7883723557
2020-03-05,128.5663933556
2020-03-06,125.4869587842
2020-03-07,119.3280896414
2020-03-08,120.8678069271
2020-03-09,121.63766556990001
2020-03-10,119.87710509749999
2020-03-11,108.6162413919
2020-03-12,97.91918731540001
2020-03-13,124.25039734980001
2020-03-14,102.8562891969
2020-03-15,105.3248401376
2020-03-16,97.91918731540001
2020-03-17,97.91918731540001
2020-03-18,101.21058856970001
2020-03-19,82.2850313575
2020-03-20,88.0449835525
2020-03-21,89.6906841797
2020-03-22,102.03343888330001
2020-03-23,104.501989824
2020-03-24,92.1592351204
2020-03-25,108.6162413919
2020-03-26,75.7022288489
2020-03-27,112.49282135850001
2020-03-28,107.1972748638
2020-03-29,93.3653684297
2020-03-30,104.430893577
2020-03-31,101.6645122902
2020-04-01,109.9636561506
2020-04-02,105.8140842204
2020-04-03,105.8140842204
2020-04-04,91.29058246459999
2020-04-05,108.5804655072
2020-04-06,121.02918129780001
2020-04-07,88.5242011778
2020-04-08,116.1880140459
2020-04-09,103.0611948363
2020-04-10,112.6505778264
2020-04-11,119.23405315389999
2020-04-12,116.3080641195
2020-04-13,111.9190805678
2020-04-14,125.0860312228
2020-04-15,122.891539447
2020-04-16,123.62303670559999
2020-04-17,112.6505778264
2020-04-18,92.90015184379999
2020-04-19,115.5765668608
2020-04-20,111.18758330920001
2020-04-21,117.7710586367
2020-04-22,115.730561554
2020-04-23,103.9234672335
2020-04-24,112.6498652454
2020-04-25,114.2364830658
2020-04-26,107.8900117844
2020-04-27,108.6833206945
2020-04-28,111.8565563353
2020-04-29,122.16957216760001
2020-04-30,115.029791976
2020-05-01,107.0967028742
2020-05-02,111.8565563353
2020-05-03,117.40971870649999
2020-05-04,133.2758969101
2020-05-05,125.34280780830001
2020-05-06,126.2945768143
2020-05-07,123.2884456556
2020-05-08,117.6844253985
2020-05-09,109.67868217409999
2020-05-10,108.8781078517
2020-05-11,136.09763481459999
2020-05-12,125.69016862289999
2020-05-13,116.8838510761
2020-05-14,95.2683443702
2020-05-15,91.265472758
2020-05-16,100.0717903049
2020-05-17,100.87236462729999
2020-05-18,81.65858088879999
2020-05-19,102.47351327220001
2020-05-20,92.06604708050001
2020-05-21,86.9718873186
2020-05-22,98.5796237036
2020-05-23,83.52929947400001
2020-05-24,89.5494291658
2020-05-25,87.2918805314
2020-05-26,94.0645264347
2020-05-27,93.31201022319999
2020-05-28,103.84723718389999
2020-05-29,98.5796237036
2020-05-30,95.5695588576
2020-05-31,117.3925289905
2020-06-01,112.87743172159999
2020-06-02,100.837172338
2020-06-03,97.0745912806
2020-06-04,104.5997533954
2020-06-05,108.6686606528
2020-06-06,122.1923677252
2020-06-07,133.7972294645
2020-06-08,108.5395892084
2020-06-09,110.5875059859
2020-06-10,109.2222281343
2020-06-11,111.9527838376
2020-06-12,126.2882012802
2020-06-13,111.2701449118
2020-06-14,107.8569502826
2020-06-15,116.0486173927
2020-06-16,94.2041717658
2020-06-17,106.3748126911
2020-06-18,108.28361757350001
2020-06-19,97.298323037
2020-06-20,111.4222731553
2020-06-21,107.498953678
2020-06-22,114.5609287372
2020-06-23,112.2069370508
2020-06-24,123.9768954827
2020-06-25,109.0682814689
2020-06-26,110.6376092599
2020-06-27,128.6848788554
2020-06-28,108.28361757350001
2020-06-29,117.69958431900001
2020-06-30,113.7762648417
2020-07-01,115.34467614569999
2020-07-02,127.1113090392
2020-07-03,128.6805844595
2020-07-04,127.89594674930001
2020-07-05,123.1881204886
2020-07-06,127.89594674930001
2020-07-07,120.8342073583
2020-07-08,126.3266713291
2020-07-09,118.4802942279
2020-07-10,128.6805844595
2020-07-11,126.3266713291
2020-07-12,122.4034827785
2020-07-13,119.26493193799999
2020-07-14,121.0866657008
2020-07-15,124.1671385426
2020-07-16,118.99350777
2020-07-17,117.26896417910001
2020-07-18,101.7480718613
2020-07-19,112.0953334065
2020-07-20,112.95760520190001
2020-07-21,121.5803231563
2020-07-22,107.7839744293
2020-07-23,124.1671385426
2020-07-24,117.26896417910001
2020-07-25,138.825759065
2020-07-26,122.4425949517
2020-07-27,136.2389436787
2020-07-28,128.2059729034
2020-07-29,121.4370403952
2020-07-30,123.9495308862
2020-07-31,113.0620720921
2020-08-01,128.1370150377
2020-08-02,114.7370657527
2020-08-03,118.087053074
2020-08-04,135.6744865105
2020-08-05,121.4370403952
2020-08-06,108.03709111020001
2020-08-07,130.6495055287
2020-08-08,127.2995182074
2020-08-09,118.92454990430001
2020-08-10,130.6495055287
2020-08-11,114.9015045329
2020-08-12,129.7418928421
2020-08-13,132.2693323131
2020-08-14,123.8445340766
2020-08-15,140.6941305496
2020-08-16,131.4268524894
2020-08-17,128.0569331948
2020-08-18,105.3099779563
2020-08-19,117.94717531100001
2020-08-20,116.2622156637
2020-08-21,123.00205425290001
2020-08-22,130.5843726658
2020-08-23,114.5772560164
2020-08-24,132.2693323131
2020-08-25,128.4414371751
2020-08-26,111.7200086955
2020-08-27,123.9393846465
2020-08-28,112.5928212634
2020-08-29,142.2684485731
2020-08-30,127.4306349183
2020-08-31,110.8471961275
2020-09-01,130.92188519
2020-09-02,134.4131354617
2020-09-03,125.6850097824
2020-09-04,112.5928212634
2020-09-05,117.82969667100001
2020-09-06,123.0665720786
2020-09-07,130.92188519
2020-09-08,151.7621337678
2020-09-09,133.6525053288
2020-09-10,128.4788599612
2020-09-11,136.2393280126
2020-09-12,118.993843454
2020-09-13,146.58661874770002
2020-09-14,139.6884249243
2020-09-15,151.7602641153
2020-09-16,134.51477955669998
2020-09-17,133.6525053288
2020-09-18,153.4848125711
2020-09-19,142.2752476081
2020-09-20,128.4788599612
2020-09-21,135.1650718298
2020-09-22,139.21983275940002
2020-09-23,123.857644317
2020-09-24,136.3394224265
2020-09-25,131.5387385382
2020-09-26,162.2631154231
2020-09-27,144.02051664770002
2020-09-28,145.940790203
2020-09-29,123.857644317
2020-09-30,135.3792856488
2020-10-01,149.7813373136
2020-10-02,119.0569604288
2020-10-03,130.5786017606
2020-10-04,144.9806534253
2020-10-05,151.5920640509
2020-10-06,134.30383643110002
2020-10-07,124.7107052575
2020-10-08,144.8562807222
2020-10-09,155.4087250132
2020-10-10,136.2224626659
2020-10-11,137.1817757832
2020-10-12,134.30383643110002
2020-10-13,142.93765448739998
2020-10-14,159.2459774826
2020-10-15,142.93765448739998
2020-10-16,144.8562807222
2020-10-17,148.69353319159998
2020-10-18,152.4196714596
2020-10-19,119.288755699
2020-10-20,124.2591205198
2020-10-21,143.1465068388
2020-10-22,129.2294853406
2020-10-23,136.18799608970002
2020-10-24,130.2235583047
2020-10-25,151.09909055199998
2020-10-26,116.3065368065
2020-10-27,109.3480260574
2020-10-28,98.4132234517
2020-10-29,99.4072964158
2020-10-30,107.35988012909999
2020-10-31,110.34209902159999
2020-11-01,112.3302449499
2020-11-02,124.2591205198
2020-11-03,94.436931595
2020-11-04,124.3322590484
2020-11-05,132.6894830919
2020-11-06,122.6751824812
2020-11-07,127.6823327866
2020-11-08,121.8406574303
2020-11-09,115.1644570232
2020-11-10,154.3871344151
2020-11-11,122.6751824812
2020-11-12,122.6751824812
2020-11-13,133.5240081428
2020-11-14,115.9989820741
2020-11-15,118.50255722669999
2020-11-16,125.1787576339
2020-11-17,135.53484186269998
2020-11-18,137.3344508706
2020-11-19,147.831351574
2020-11-20,119.83961636480001
2020-11-21,146.9566098488
2020-11-22,147.831351574
2020-11-23,152.20506020050001
2020-11-24,128.5870336177
2020-11-25,118.96487463950001
2020-11-26,135.58496742
2020-11-27,131.2112587935
2020-11-28,134.7102256947
2020-11-29,134.7102256947
2020-11-30,135.3998012698
2020-12-01,107.6107279173
2020-12-02,144.7507136587
2020-12-03,124.75225979790001
2020-12-04,149.5122502922
2020-12-05,137.1322550451
2020-12-06,137.1322550451
2020-12-07,129.5137964315
2020-12-08,142.84609900529998
2020-12-09,137.1322550451
2020-12-10,132.3707184116
2020-12-11,123.7999524712
2020-12-12,131.41841108490001
2020-12-13,125.70456712459999
2020-12-14,148.463110111
2020-12-15,134.57437139500001
2020-12-16,129.9338758296
2020-12-17,132.7181731688
2020-12-18,119.7247855859
2020-12-19,145.7115607518
2020-12-20,146.63965986489998
2020-12-21,140.1429660734
2020-12-22,126.2214793773
2020-12-23,132.7181731688
2020-12-24,142.9272634126
2020-12-25,116.9404882467
2020-12-26,133.6462722819
2020-12-27,127.1495784904
2020-12-28,137.3586687342
2020-12-29,147.93803399680002
2020-12-30,140.5377993857
2020-12-31,159.0296150944
2021-01-01,153.48207038179999
2021-01-02,137.76402702939998
2021-01-03,139.61320860030003
2021-01-04,146.0853440983
2021-01-05,159.95420587979999
2021-01-06,145.1607533129
2021-01-07,163.6525690215
2021-01-08,155.3312519526
2021-01-09,136.83943624399998
2021-01-10,133.8080245221
2021-01-11,162.87965092480002
2021-01-12,157.7576493234
2021-01-13,151.61124740169998
2021-01-14,155.70884868279998
2021-01-15,150.5868470814
2021-01-16,158.78204964359998
2021-01-17,150.5868470814
2021-01-18,136.2452425975
2021-01-19,148.5380464408
2021-01-20,152.63564772200002
2021-01-21,144.4404451597
2021-01-22,132.1476413163
2021-01-23,145.46484547999998
2021-01-24,159.78115123199998
2021-01-25,143.88492538769998
2021-01-26,144.9200687358
2021-01-27,166.65807904620002
2021-01-28,146.9903554321
2021-01-29,150.09578547639998
2021-01-30,157.3417889132
2021-01-31,140.77949534340001
2021-02-01,149.0606421283
2021-02-02,124.2172017736
2021-02-03,157.3417889132
2021-02-04,155.271502217
2021-02-05,165.6229356981
2021-02-06,174.93922583109998
2021-02-07,169.0212655032
2021-02-08,166.2194980036
2021-02-09,172.6125556191
2021-02-10,152.3678731699
2021-02-11,152.3678731699
2021-02-12,137.4507387337
2021-02-13,151.3023635673
2021-02-14,167.28500760609998
2021-02-15,158.7609307854
2021-02-16,160.89194999059998
2021-02-17,128.926661913
2021-02-18,147.040325157
2021-02-19,145.9748155544
2021-02-20,163.1814022042
2021-02-21,157.6672400894
2021-02-22,152.2676770726
2021-02-23,143.62837624579998
2021-02-24,137.1489006257
2021-02-25,171.70610393290002
2021-02-26,168.4663661229
2021-02-27,150.10785186590002
2021-02-28,169.5462787262
2021-03-01,141.4685510391
2021-03-02,140.3886384357
2021-03-03,154.4275022793
2021-03-04,164.14671570950003
2021-03-05,138.228813229
2021-03-06,160.9069778994
2021-03-07,162.25433098879998
2021-03-08,155.6651519066
2021-03-09,165.260948942
2021-03-10,149.2679538831
2021-03-11,158.8637509184
2021-03-12,140.7383565183
2021-03-13,159.929950589
2021-03-14,152.4665528949
2021-03-15,167.3933482832
2021-03-16,157.7975512478
2021-03-17,158.8637509184
2021-03-18,145.0031552007
2021-03-19,162.0623499302
2021-03-20,158.3576153638
2021-03-21,167.389189044
2021-03-22,169.563074616
2021-03-23,164.12836068599998
2021-03-24,174.997788546
2021-03-25,165.21530347200002
2021-03-26,167.389189044
2021-03-27,147.824218896
2021-03-28,172.82390297400002
2021-03-29,172.82390297400002
2021-03-30,164.12836068599998
2021-03-31,158.69364675600002
2021-04-01,170.650017402
2021-04-02,157.60670397
2021-04-03,160.5177663835
2021-04-04,150.6720557311
2021-04-05,167.92458119650001
2021-04-06,179.4262648401
2021-04-07,165.6242444678
2021-04-08,180.57643320449998
2021-04-09,154.1225608242
2021-04-10,174.8255913827
2021-04-11,180.57643320449998
2021-04-12,166.7744128321
2021-04-13,165.6242444678
2021-04-14,163.3239077391
2021-04-15,155.2727291885
2021-04-16,198.5140057096
2021-04-17,120.7434655644
2021-04-18,106.6762656929
2021-04-19,145.36106533970002
2021-04-20,113.7098656286
2021-04-21,150.05013196360002
2021-04-22,118.3989322525
2021-04-23,167.6341318031
2021-04-24,158.2559985553
2021-04-25,169.978665115
2021-04-26,165.2895984911
2021-04-27,133.6383987801
2021-04-28,166.4618651471
2021-04-29,166.4618651471
2021-04-30,143.0165320278
2021-05-01,169.978665115
2021-05-02,158.9545899844
2021-05-03,189.5271865003
2021-05-04,181.3314162732
2021-05-05,185.42930138679998
2021-05-06,160.84199070559998
2021-05-07,174.1601173246
2021-05-08,176.2090598813
2021-05-09,175.18458860299998
2021-05-10,190.5516577787
2021-05-11,184.40483010839998
2021-05-12,176.2090598813
2021-05-13,176.2090598813
2021-05-14,185.896531254
2021-05-15,166.8390652847
2021-05-16,153.1433211195
2021-05-17,164.3489299819
2021-05-18,150.6531858168
2021-05-19,124.50676513779999
2021-05-20,155.63345642230001
2021-05-21,139.4475769544
2021-05-22,136.9574416516
2021-05-23,144.4278475599
2021-05-24,148.163050514
2021-05-25,156.87852407370002
2021-05-26,153.1433211195
2021-05-27,151.89825346810002
2021-05-28,145.6729152112
2021-05-29,148.163050514
2021-05-30,144.4278475599
2021-05-31,151.8581998433
2021-06-01,147.5266590206
2021-06-02,148.5729473825
2021-06-03,173.6838680668
2021-06-04,153.8043891917
2021-06-05,137.0637754021
2021-06-06,137.0637754021
2021-06-07,156.9432542773
2021-06-08,139.15635212580003
2021-06-09,155.8969659154
2021-06-10,131.8323335929
2021-06-11,123.4620266981
2021-06-12,109.8602779941
2021-06-13,138.110063764
2021-06-14,136.7244651287
2021-06-15,133.7666962189
2021-06-16,129.8032385532
2021-06-17,121.87632322169999
2021-06-18,128.81237413670002
2021-06-19,122.86718763809999
2021-06-20,102.0590348929
2021-06-21,104.04076372579999
2021-06-22,104.04076372579999
2021-06-23,90.1686618957
2021-06-24,100.0773060601
2021-06-25,104.04076372579999
2021-06-26,108.995085808
2021-06-27,88.18693306280001
2021-06-28,58.461000569700005
2021-06-29,86.20520423
2021-06-30,89.17779747930001
2021-07-01,88.18693306280001
2021-07-02,94.1321195614
2021-07-03,89.17779747930001
2021-07-04,98.7060762123
2021-07-05,82.1088360775
2021-07-06,94.2466640194
2021-07-07,101.3865628088
2021-07-08,87.820755109
2021-07-09,99.24459317200001
2021-07-10,93.53267414049999
2021-07-11,114.9523705085
2021-07-12,89.2487348669
2021-07-13,89.9627247458
2021-07-14,97.1026235352
2021-07-15,121.3782794189
2021-07-16,91.39070450370001
2021-07-17,107.09848184020001
2021-07-18,101.9975880944
2021-07-19,97.87224208869999
2021-07-20,115.5436191325
2021-07-21,82.9195384362
2021-07-22,98.5519104365
2021-07-23,103.9892572192
2021-07-24,91.75522695810001
2021-07-25,104.6689255671
2021-07-26,103.9892572192
2021-07-27,101.95025217569999
2021-07-28,115.5436191325
2021-07-29,106.70793061059999
2021-07-30,108.7469356541
2021-07-31,112.8249457411
2021-08-01,112.4658621259
2021-08-02,110.9758007912
2021-08-03,103.0489578775
2021-08-04,121.7851320371
2021-08-05,98.0046032961
2021-08-06,115.2995332895
2021-08-07,114.5789112065
2021-08-08,120.343887871
2021-08-09,113.8582891234
2021-08-10,109.5345566251
2021-08-11,118.9026437048
2021-08-12,105.9314462098
2021-08-13,108.813934542
2021-08-14,108.17531962790001
2021-08-15,126.82080854690001
2021-08-16,140.7401655825
2021-08-17,124.5009157076
2021-08-18,133.0071894516
2021-08-19,104.3951777673
2021-08-20,119.087832416
2021-08-21,123.7276180945
2021-08-22,131.4605942254
2021-08-23,126.82080854690001
2021-08-24,152.3396297789
2021-08-25,119.087832416
2021-08-26,130.6874472547
2021-08-27,127.8446141199
2021-08-28,127.8446141199
2021-08-29,123.46637391040001
2021-08-30,136.6010945391
2021-08-31,118.2124856588
2021-09-01,126.0933180361
2021-09-02,119.9637817427
2021-09-03,130.4715582457
2021-09-04,129.5959102038
2021-09-05,135.7254464972
2021-09-06,143.60627887450002
2021-09-07,150.6114632098
2021-09-08,133.9741504134
2021-09-09,129.91043367929998
2021-09-10,125.41287036130001
2021-09-11,124.4974479499
2021-09-12,135.4825168867
2021-09-13,134.56709447530002
2021-09-14,145.552163412
2021-09-15,153.7909651146
2021-09-16,129.9899824183
2021-09-17,124.4974479499
2021-09-18,134.56709447530002
2021-09-19,141.8904737665
2021-09-20,146.4675858234
2021-09-21,150.12927546900002
2021-09-22,113.9289074435
2021-09-23,126.5466338401
2021-09-24,155.8223476389
2021-09-25,139.7679239427
2021-09-26,135.9904124848
2021-09-27,131.26852316240002
2021-09-28,146.3785689941
2021-09-29,143.5454354007
2021-09-30,122.76912238210001
2021-10-01,161.4886148257
2021-10-02,132.2129010269
2021-10-03,177.5430385219
2021-10-04,141.6566796717
2021-10-05,147.4119683958
2021-10-06,162.1777358315
2021-10-07,129.5444109386
2021-10-08,139.4332972698
2021-10-09,118.6666359743
2021-10-10,148.3332949679
2021-10-11,157.2332926659
2021-10-12,144.3777404354
2021-10-13,132.511076838
2021-10-14,167.1221789971
2021-10-15,135.47774273730002
2021-10-16,139.4332972698
2021-10-17,131.5221882048
2021-10-18,158.222181299
2021-10-19,146.534419323
2021-10-20,154.7371987291
2021-10-21,148.74737168160001
2021-10-22,147.7490671736
2021-10-23,157.7321122529
2021-10-24,144.7541536498
2021-10-25,152.74058971329998
2021-10-26,181.6914204432
2021-10-27,149.74567618950002
2021-10-28,156.733807745
2021-10-29,152.74058971329998
2021-10-30,170.71007085600002
2021-10-31,154.7371987291
2021-11-01,140.1752991494
2021-11-02,159.3503970061
2021-11-03,170.1173157227
2021-11-04,173.3473913377
2021-11-05,153.9669376478
2021-11-06,166.8872401077
2021-11-07,165.81054823609998
2021-11-08,164.7338563644
2021-11-09,145.3534026745
2021-11-10,163.65716449270002
2021-11-11,160.4270888777
2021-11-12,170.1173157227
2021-11-13,152.89024577610002
2021-11-14,164.7338563644
2021-11-15,175.0941619284
2021-11-16,170.19784136840002
2021-11-17,169.0707033461
2021-11-18,167.9435653238
2021-11-19,162.30787521219997
2021-11-20,154.4179090561
2021-11-21,163.4350132345
2021-11-22,148.7822189445
2021-11-23,158.9264611453
2021-11-24,148.7822189445
2021-11-25,176.9606695022
2021-11-26,146.52794289989998
2021-11-27,148.7822189445
2021-11-28,161.18073718990001
2021-11-29,155.2251166191
2021-11-30,158.77456517989998
2021-12-01,148.78176037830002
2021-12-02,152.1126953122
2021-12-03,172.0983049152
2021-12-04,186.5323562952
2021-12-05,172.0983049152
2021-12-06,184.31173300600003
2021-12-07,190.9736028737
2021-12-08,170.9879932706
2021-12-09,186.5323562952
2021-12-10,180.98079807210001
2021-12-11,173.2086165598
2021-12-12,176.1617770729
2021-12-13,168.3855935402
2021-12-14,169.5883477797
2021-12-15,178.0076274567
2021-12-16,169.5883477797
2021-12-17,138.31673755079999
2021-12-18,179.2103816963
2021-12-19,153.9525426653
2021-12-20,179.2103816963
2021-12-21,173.19661049849998
2021-12-22,193.6434325712
2021-12-23,178.0076274567
2021-12-24,182.818644415
2021-12-25,181.6158901755
2021-12-26,177.14956678549999
2021-12-27,161.6822785267
2021-12-28,178.5744568802
2021-12-29,161.6822785267
2021-12-30,174.9547043759
2021-12-31,143.58351600510002
2022-01-01,179.78104104840003
2022-01-02,207.5324769149
2022-01-03,190.6402985613
2022-01-04,168.9217835354
2022-01-05,177.3678727121
2022-01-06,180.98762521650002
2022-01-07,176.161288544
2022-01-08,168.9217835354
2022-01-09,174.2429492427
2022-01-10,170.82607664269997
2022-01-11,172.0376091011
2022-01-12,191.4221284365
2022-01-13,168.4030117258
2022-01-14,216.8643100641
2022-01-15,192.6336608949
2022-01-16,201.1143881041
2022-01-17,212.0181802303
2022-01-18,195.0567258118
2022-01-19,164.7684143504
2022-01-20,209.59511531330003
2022-01-21,204.7489854795
2022-01-22,175.442615308
2022-01-23,177.4749496679
2022-01-24,186.74602912810002
2022-01-25,198.6659884342
2022-01-26,201.31486828
2022-01-27,172.1771899763
2022-01-28,173.5016298992
2022-01-29,203.9637481258
2022-01-30,197.3415485113
2022-01-31,193.3682287426
2022-02-01,189.3949089739
2022-02-02,203.9637481258
2022-02-03,202.6393082029
2022-02-04,194.69266866549998
2022-02-05,172.445464546
2022-02-06,157.8883918226
2022-02-07,206.9797405406
2022-02-08,180.4438763687
2022-02-09,204.32615412340002
2022-02-10,185.7510492031
2022-02-11,195.03860166319998
2022-02-12,188.40463562029998
2022-02-13,248.110330007
2022-02-14,209.6333269578
2022-02-15,202.99936091479998
2022-02-16,232.1888115038
2022-02-17,206.9797405406
2022-02-18,213.25652954539999
2022-02-19,186.2941288835
2022-02-20,207.1479492809
2022-02-21,200.1966758151
2022-02-22,171.0013272587
2022-02-23,211.31871336039998
2022-02-24,208.538203974
2022-02-25,183.5136194972
2022-02-26,186.2941288835
2022-02-27,173.781836645
2022-02-28,189.0746382698
2022-03-01,214.09922274669998
2022-03-02,225.22126029199998
2022-03-03,189.0746382698
2022-03-04,204.9081640564
2022-03-05,190.3652866455
2022-03-06,168.45273566470001
2022-03-07,179.4090111551
2022-03-08,202.6910965722
2022-03-09,202.6910965722
2022-03-10,188.9957522092
2022-03-11,198.5824932633
2022-03-12,188.9957522092
2022-03-13,213.6473720626
2022-03-14,206.7996998811
2022-03-15,209.5387687537
2022-03-16,190.3652866455
2022-03-17,212.2778376263
2022-03-18,217.5230345086
2022-03-19,195.1494547366
2022-03-20,211.52563275650002
2022-03-21,210.16095125479998
2022-03-22,208.7962697532
2022-03-23,203.3375437466
2022-03-24,197.8788177399
2022-03-25,195.1494547366
2022-03-26,212.8903142581
2022-03-27,219.7137217664
2022-03-28,178.7732767168
2022-03-29,216.9843587631
2022-03-30,206.0669067499
2022-03-31,184.2320027234
2022-04-01,194.2473878517
2022-04-02,200.3716062847
2022-04-03,191.8451549534
2022-04-04,197.5294558409
2022-04-05,224.5298850566
2022-04-06,206.0559071722
2022-04-07,213.1612832816
2022-04-08,196.108380619
2022-04-09,190.4240797315
2022-04-10,217.4245089472
2022-04-11,198.9505310628
2022-04-12,194.6873053972
2022-04-13,217.4245089472
2022-04-14,198.9505310628
2022-04-15,194.49227555500002
2022-04-16,221.692722833
2022-04-17,188.0178788584
2022-04-18,231.5145523256
2022-04-19,188.0178788584
2022-04-20,173.986693869
2022-04-21,224.49895983090002
2022-04-22,237.1270263214
2022-04-23,189.42099735730002
2022-04-24,228.7083153278
2022-04-25,239.93326331929998
2022-04-26,227.3051968288
2022-04-27,196.4365898521
2022-04-28,243.1303474312
2022-04-29,195.50362058300001
2022-04-30,222.163205208
2022-05-01,222.163205208
2022-05-02,247.3417017982
2022-05-03,236.97408555520002
2022-05-04,222.163205208
2022-05-05,216.2388530691
2022-05-06,232.530821451
2022-05-07,210.3145009302
2022-05-08,211.7955889649
2022-05-09,229.5686453816
2022-05-10,229.5686453816
2022-05-11,226.8237072333
2022-05-12,225.25759789129998
2022-05-13,209.7225911402
2022-05-14,236.1321026171
2022-05-15,219.0435951908
2022-05-16,189.5270823637
2022-05-17,254.7741107184
2022-05-18,228.3645992415
2022-05-19,208.1690904651
2022-05-20,189.5270823637
2022-05-21,198.8480864144
2022-05-22,209.7225911402
2022-05-23,189.5270823637
2022-05-24,248.560108018
2022-05-25,186.4200810135
2022-05-26,219.8011392775
2022-05-27,209.5553698572
2022-05-28,205.0967449666
2022-05-29,219.95882793520002
2022-05-30,221.44503623210002
2022-05-31,228.8760777164
2022-06-01,216.9864113415
2022-06-02,202.1243283729
2022-06-03,185.7760371074
2022-06-04,212.52778645089998
2022-06-05,206.5829532635
2022-06-06,216.9864113415
2022-06-07,222.9312445289
2022-06-08,240.7657440912
2022-06-09,266.4057687361
2022-06-10,219.7870403796
2022-06-11,221.29243106709998
2022-06-12,231.83016587979998
2022-06-13,191.1846173165
2022-06-14,200.21696144170002
2022-06-15,219.7870403796
2022-06-16,248.3894634427
2022-06-17,179.1414918162
2022-06-18,162.5821942534
2022-06-19,234.84094725490002
2022-06-20,200.21696144170002
2022-06-21,198.7115707541
2022-06-22,225.8086031297
2022-06-23,193.27370826930002
2022-06-24,223.4310404979
2022-06-25,189.622396212
2022-06-26,221.961099442
2022-06-27,202.8518657152
2022-06-28,199.9119836033
2022-06-29,214.61139416240002
2022-06-30,221.961099442
2022-07-01,251.3599205601
2022-07-02,196.97210149149998
2022-07-03,202.8518657152
2022-07-04,227.8408636656
2022-07-05,210.2015709947
2022-07-06,173.453044597
2022-07-07,186.6825141002
2022-07-08,227.5441253738
2022-07-09,214.4806364042
2022-07-10,194.1919275552
2022-07-11,221.72660385030002
2022-07-12,178.2507991738
2022-07-13,218.8282168718
2022-07-14,159.41128381389998
2022-07-15,179.699992663
2022-07-16,205.7854754689
2022-07-17,214.4806364042
2022-07-18,179.699992663
2022-07-19,189.8443470875
2022-07-20,199.988701512
2022-07-21,182.59837964140002
2022-07-22,199.18765245519998
2022-07-23,181.7118626387
2022-07-24,211.9971730785
2022-07-25,216.1269881385
2022-07-26,195.47791283860002
2022-07-27,220.2568031985
2022-07-28,227.1398282984
2022-07-29,194.1013078186
2022-07-30,200.9843329186
2022-07-31,177.5820475788
2022-08-01,209.2439630385
2022-08-02,187.21828271869998
2022-08-03,213.37377809850003
2022-08-04,199.60772789860002
2022-08-05,183.1737488021
2022-08-06,210.0855550395
2022-08-07,225.4918290758
2022-08-08,222.6906883419
2022-08-09,201.682132838
2022-08-10,200.28156247099997
2022-08-11,207.2844143057
2022-08-12,196.0798513702
2022-08-13,215.68783650729998
2022-08-14,194.67928100330002
2022-08-15,186.2758588017
2022-08-16,203.08270320489999
2022-08-17,207.2844143057
2022-08-18,180.673577334
2022-08-19,202.4033760332
2022-08-20,250.8671507861
2022-08-21,209.9955363322
2022-08-22,205.7674382852
2022-08-23,204.3580722696
2022-08-24,242.4109546922
2022-08-25,205.7674382852
2022-08-26,224.0891964887
2022-08-27,248.0484187548
2022-08-28,204.3580722696
2022-08-29,226.90792852
2022-08-30,221.27046445739998
2022-08-31,228.3172945357
2022-09-01,219.8626888919
2022-09-02,212.50310815740002
2022-09-03,198.64420979929997
2022-09-04,226.3620065155
2022-09-05,258.6994360177
2022-09-06,235.6012720875
2022-09-07,218.6626185388
2022-09-08,224.8221289201
2022-09-09,195.5644546086
2022-09-10,226.3620065155
2022-09-11,241.7607824689
2022-09-12,281.7975999479
2022-09-13,235.6012720875
2022-09-14,211.9722420736
2022-09-15,202.30889997490002
2022-09-16,234.16856926230003
2022-09-17,203.9018834393
2022-09-18,270.8071889428
2022-09-19,245.3194535129
2022-09-20,207.0878503681
2022-09-21,242.1334865842
2022-09-22,224.6106684761
2022-09-23,203.9018834393
2022-09-24,215.0527676899
2022-09-25,232.57558579800002
2022-09-26,234.16856926230003
2022-09-27,238.94751965540001
2022-09-28,205.4948669037
2022-09-29,234.2837438793
2022-09-30,222.92860667509999
2022-10-01,263.461080616
2022-10-02,282.168376281
2022-10-03,244.75378495089998
2022-10-04,240.07696103470002
2022-10-05,254.10743278349997
2022-10-06,272.8147284485
2022-10-07,247.8716675618
2022-10-08,266.5789632268
2022-10-09,272.8147284485
2022-10-10,246.3127262564
2022-10-11,281.7625414869
2022-10-12,277.9248822029
2022-10-13,242.5204386102
2022-10-14,253.141771688
2022-10-15,276.1546600232
2022-10-16,269.0737713047
2022-10-17,254.9119938676
2022-10-18,265.5333269454
2022-10-19,251.3715495083
2022-10-20,267.3035491251
2022-10-21,256.6822160472
2022-10-22,276.1546600232
2022-10-23,240.7502164305
2022-10-24,274.5062169071
2022-10-25,249.0311927493
2022-10-26,223.3956287899
2022-10-27,283.8223152658
2022-10-28,247.20008103799998
2022-10-29,291.1467621114
2022-10-30,261.8489747291
2022-10-31,247.20008103799998
2022-11-01,316.7823260709
2022-11-02,263.68008644049996
2022-11-03,223.3956287899
2022-11-04,300.30232066829996
2022-11-05,236.21341076960002
2022-11-06,276.4978684202
2022-11-07,250.86230446070002
2022-11-08,263.1869454875
2022-11-09,297.8757869174
2022-11-10,272.2913635012
2022-11-11,268.6364458703
2022-11-12,244.8794812695
2022-11-13,305.1856221792
2022-11-14,235.74218719229998
2022-11-15,224.7774342996
2022-11-16,283.2561163938
2022-11-17,274.1188223166
2022-11-18,252.18931653130002
2022-11-19,254.0167753467
2022-11-20,268.6364458703
2022-11-21,272.37560536940003
2022-11-22,236.9496539708
2022-11-23,231.4391969017
2022-11-24,258.9914822472
2022-11-25,236.9496539708
2022-11-26,225.9287398326
2022-11-27,200.2132735102
2022-11-28,249.807387132
2022-11-29,255.3178442011
2022-11-30,240.6232920169
2022-12-01,253.4810251781
2022-12-02,281.0333105235
2022-12-03,229.6023778787
2022-12-04,240.6232920169
2022-12-05,257.1546632241
2022-12-06,268.17557736230003
2022-12-07,231.28958401769998
2022-12-08,292.7947327377
2022-12-09,284.28325794880004
2022-12-10,258.7488335822
2022-12-11,262.15342349770003
2022-12-12,250.2373587933
2022-12-13,243.42817896219998
2022-12-14,280.87866803329996
2022-12-15,251.9396537511
2022-12-16,236.6189991311
2022-12-17,221.2983445111
2022-12-18,234.9167041733
2022-12-19,246.8327688777
2022-12-20,233.9612551644
2022-12-21,246.11401515560001
2022-12-22,251.387886909
2022-12-23,237.3242289001
2022-12-24,232.0503571467
2022-12-25,156.45819534889998
2022-12-26,247.8719724068
2022-12-27,226.7764853934
2022-12-28,202.1650838778
2022-12-29,295.33681818680003
2022-12-30,247.8719724068
2022-12-31,277.7572456756
2023-01-01,274.2413311734
2023-01-02,272.48337392229996
2023-01-03,274.2413311734
2023-01-04,261.88348180590003
2023-01-05,242.35648201089998
2023-01-06,266.0836900399
2023-01-07,305.0641032305
2023-01-08,260.9992883194
2023-01-09,259.3044877459
2023-01-10,257.6096871724
2023-01-11,286.42129692189997
2023-01-12,249.1356843049
2023-01-13,255.91488659889998
2023-01-14,269.47329118690004
2023-01-15,289.8108980689
2023-01-16,280.25060678479997
2023-01-17,274.6888432471
2023-01-18,291.5065275275
2023-01-19,261.6084221401
2023-01-20,270.95158007370003
2023-01-21,246.65936944639998
2023-01-22,257.8711589666
2023-01-23,282.16336959390003
2023-01-24,295.24379070090004
2023-01-25,241.0534746862
2023-01-26,327.01052767510004
2023-01-27,289.63789594080004
2023-01-28,287.7692643541
2023-01-29,313.9301065681
2023-01-30,311.0013527915
2023-01-31,269.94814251490004
2023-02-01,224.9567854291
2023-02-02,267.9919965547
2023-02-03,283.6411642367
2023-02-04,260.1674127137
2023-02-05,266.03585059439996
2023-02-06,297.33418595850003
2023-02-07,289.5096021174
2023-02-08,277.7727263559
2023-02-09,269.94814251490004
2023-02-10,316.895645561
2023-02-11,287.5534561572
2023-02-12,291.4657480777
2023-02-13,313.943411776
2023-02-14,303.650131929
2023-02-15,299.7571815197
2023-02-16,317.2754583617
2023-02-17,348.4190616365
2023-02-18,321.16840877109996
2023-02-19,327.0078343851
2023-02-20,315.328983157
2023-02-21,286.1318550869
2023-02-22,325.0613591804
2023-02-23,272.5065286542
2023-02-24,332.8472599991
2023-02-25,262.7741526309
2023-02-26,227.8408897787
2023-02-27,359.55665818330004
2023-02-28,299.6305484861
2023-03-01,293.2098938757
2023-03-02,363.8370945903
2023-03-03,308.1914213
2023-03-04,359.55665818330004
2023-03-05,325.3131669278
2023-03-06,331.7338215382
2023-03-07,282.5088028583
2023-03-08,353.1360035729
2023-03-09,284.6490210618
2023-03-10,288.9294574688
2023-03-11,291.5646686842
2023-03-12,357.2196959219
2023-03-13,348.5598245056
2023-03-14,339.89995308929997
2023-03-15,316.0853066946
2023-03-16,318.25027454860003
2023-03-17,290.1056924457
2023-03-18,318.25027454860003
2023-03-19,350.7247923597
2023-03-20,320.4152424027
2023-03-21,333.4050495271
2023-03-22,313.9203388405
2023-03-23,344.2298887975
2023-03-24,398.1526797496
2023-03-25,377.2328854931
2023-03-26,337.6467184969
2023-03-27,335.3181204383
2023-03-28,344.6325126727
2023-03-29,312.03213985229996
2023-03-30,342.3039146141
2023-03-31,360.9326990829
2023-04-01,328.3323262625
2023-04-02,326.0037282039
2023-04-03,346.9611107313
2023-04-04,305.04634567650004
2023-04-05,377.2328854931
2023-04-06,323.6751301453
2023-04-07,375.32721716329996
2023-04-08,338.0329421665
2023-04-09,349.9355105526
2023-04-10,347.5549968754
2023-04-11,292.8031822991
2023-04-12,366.5991062932
2023-04-13,380.8821883566
2023-04-14,338.0329421665
2023-04-15,333.271914812
2023-04-16,376.1211610021
2023-04-17,295.18369597640003
2023-04-18,368.9796199705
2023-04-19,395.16527042
2023-04-20,330.8914011348
2023-04-21,319.31386743400003
2023-04-22,351.1184909644
2023-04-23,360.8045183014
2023-04-24,355.9615046329
2023-04-25,341.4324636275
2023-04-26,302.6883542797
2023-04-27,314.7958884509
2023-04-28,314.7958884509
2023-04-29,355.9615046329
2023-04-30,331.74643629049996
2023-05-01,358.3830114671
2023-05-02,440.7142438312
2023-05-03,312.3743816166
2023-05-04,341.4324636275
2023-05-05,351.8884751483
2023-05-06,283.9777984787
2023-05-07,355.5688401119
2023-05-08,331.7051595675
2023-05-09,326.9324234586
2023-05-10,360.3415762208
2023-05-11,405.6825692552
2023-05-12,360.3415762208
2023-05-13,336.4778956764
2023-05-14,346.0233678942
2023-05-15,415.22804147299996
2023-05-16,350.79610400300004
2023-05-17,365.1143123297
2023-05-18,381.81888871079997
2023-05-19,344.7680891448
2023-05-20,369.46936576139996
2023-05-21,322.669912765
2023-05-22,371.9324948665
2023-05-23,354.69059113090003
2023-05-24,379.3218821817
2023-05-25,347.3012038157
2023-05-26,371.9324948665
2023-05-27,376.8587530766
2023-05-28,357.153720236
2023-05-29,394.1006568122
2023-05-30,399.0269150223
2023-05-31,379.3218821817
2023-06-01,349.7297709452
2023-06-02,336.1872094941
2023-06-03,417.68713906840003
2023-06-04,331.0934638957
2023-06-05,376.9371742812
2023-06-06,351.4684462893
2023-06-07,384.5777926788
2023-06-08,343.82782789170005
2023-06-09,392.2184110764
2023-06-10,430.42150306440004
2023-06-11,392.2184110764
2023-06-12,415.1402662692
2023-06-13,399.85902947399995
2023-06-14,374.390301482
2023-06-15,312.3882149666
2023-06-16,385.1484601632
2023-06-17,398.160232466
2023-06-18,364.3296244787
2023-06-19,392.9555235448
2023-06-20,369.5343333998
2023-06-21,353.9202066364
2023-06-22,314.88488972799996
2023-06-23,356.522561097
2023-06-24,325.29430757020003
2023-06-25,379.94375124199996
2023-06-26,398.160232466
2023-06-27,379.94375124199996
2023-06-28,364.3296244787
2023-06-29,280.54597444169997
2023-06-30,367.57494030119994
2023-07-01,397.78657923009996
2023-07-02,334.845664795
2023-07-03,430.5158547364
2023-07-04,344.9162111046
2023-07-05,357.50439399159995
2023-07-06,390.2336694979
2023-07-07,349.9514842594
2023-07-08,440.586401046
2023-07-09,448.13931077819996
2023-07-10,425.4805815816
2023-07-11,387.71603292049997
2023-07-12,339.8809379498
2023-07-13,382.98976558069995
2023-07-14,321.5926735118
2023-07-15,369.8315745386
2023-07-16,369.8315745386
2023-07-17,415.3905366195
2023-07-18,364.47169664679996
2023-07-19,434.150109241
2023-07-20,396.6309639979
2023-07-21,343.0321850793
2023-07-22,300.15316194440004
2023-07-23,359.11181875489996
2023-07-24,393.951025052
2023-07-25,401.99084188980004
2023-07-26,369.8315745386
2023-07-27,381.19014157450005
2023-07-28,358.97312126730003
2023-07-29,364.1756302712
2023-07-30,343.3655942557
2023-07-31,437.0107563254
2023-08-01,366.7768847731
2023-08-02,361.5743757693
2023-08-03,400.59319329830004
2023-08-04,392.7894297925
2023-08-05,314.7517947344
2023-08-06,400.59319329830004
2023-08-07,426.6057383177
2023-08-08,379.7831572828
2023-08-09,325.15681274220003
2023-08-10,421.6501146977
2023-08-11,330.7562134391
2023-08-12,393.26132464020003
2023-08-13,434.93139877420003
2023-08-14,351.5912505061
2023-08-15,445.3489173077
2023-08-16,445.3489173077
2023-08-17,424.5138802407
2023-08-18,406.2832228071
2023-08-19,362.0087690396
2023-08-20,364.61314867299996
2023-08-21,421.9095006073
2023-08-22,429.7226395075
2023-08-23,380.9368872282
2023-08-24,392.62389192119997
2023-08-25,384.32902096509997
2023-08-26,373.2691930237
2023-08-27,378.7991069944
2023-08-28,320.7350103018
2023-08-29,326.26492427249997
2023-08-30,436.86320368699995
2023-08-31,348.3845801554
2023-09-01,398.1538058919
2023-09-02,417.5085047894
2023-09-03,420.2734617748
2023-09-04,436.86320368699995
2023-09-05,411.9785908187
2023-09-06,342.8546661847
2023-09-07,364.4193972931
2023-09-08,393.0054539398
2023-09-09,358.0118176301
2023-09-10,406.46454482810003
2023-09-11,395.6972721174
2023-09-12,427.9990902495
2023-09-13,379.5463630514
2023-09-14,395.6972721174
2023-09-15,436.0745447825
2023-09-16,506.0618174019
2023-09-17,417.2318175388
2023-09-18,401.0809084728
2023-09-19,419.9236357165
2023-09-20,385.6775567314
2023-09-21,414.55885374940004
2023-09-22,391.8433001193
2023-09-23,366.2883022854
2023-09-24,442.9532957871
2023-09-25,414.55885374940004
2023-09-26,411.7194095457
2023-09-27,386.16441171179997
2023-09-28,445.79273999080004
2023-09-29,414.55885374940004
2023-09-30,417.3982979532
2023-10-01,391.8433001193
2023-10-02,400.3616327306
2023-10-03,445.79273999080004
2023-10-04,466.75137941329996
2023-10-05,373.2802594846
2023-10-06,401.7749357811
2023-10-07,455.9148207446
2023-10-08,487.25896467070004
2023-10-09,421.7212091887
2023-10-10,444.5169502259
2023-10-11,461.6137560039
2023-10-12,455.9148207446
2023-10-13,470.1621588928
2023-10-14,393.2265328922
2023-10-15,416.0222739294
2023-10-16,475.8610941521
2023-10-17,416.15688991909997
2023-10-18,491.4839684443
2023-10-19,439.9084902743
2023-10-20,424.73923198890003
2023-10-21,406.5361220466
2023-10-22,455.07774855959997
2023-10-23,464.1793035308
2023-10-24,476.31471015899996
2023-10-25,382.26530879
2023-10-26,436.8746386172
2023-10-27,455.07774855959997
2023-10-28,467.2131551878
2023-10-29,485.41626513020003
2023-10-30,415.6376770177
2023-10-31,482.54002549589995
2023-11-01,481.2867828762
2023-11-02,462.6563267648
2023-11-03,447.1309466721
2023-11-04,422.2903385236
2023-11-05,521.6527711174
2023-11-06,506.1273910246
2023-11-07,394.34465435659996
2023-11-08,412.97511046799997
2023-11-09,462.6563267648
2023-11-10,444.0258706535
2023-11-11,478.1817068576
2023-11-12,496.812162969
2023-11-13,506.08362413099997
2023-11-14,389.037994716
2023-11-15,443.6962253786
2023-11-16,475.8481257684
2023-11-17,475.8481257684
2023-11-18,482.2785058463
2023-11-19,479.0633158074
2023-11-20,546.5823066258
2023-11-21,533.7215464699
2023-11-22,488.70888592430003
2023-11-23,456.55698553450003
2023-11-24,472.6329357294
2023-11-25,540.1519265479
2023-11-26,511.2152161971
2023-11-27,492.8911914816
2023-11-28,439.16601029500004
2023-11-29,496.59541164120003
2023-11-30,459.4352107701
2023-12-01,452.6788106117
2023-12-02,570.9158133835
2023-12-03,429.03141005739997
2023-12-04,557.4030130666999
2023-12-05,523.6210122748
2023-12-06,466.1916109285
2023-12-07,459.4352107701
2023-12-08,388.4930091071
2023-12-09,456.05701069090003
2023-12-10,530.3774124332
2023-12-11,469.31861755119996
2023-12-12,528.6355752031001
2023-12-13,481.79444828640004
2023-12-14,498.5234221852
2023-12-15,488.4860378459
2023-12-16,545.364549102
2023-12-17,508.56080652450004
2023-12-18,501.86921696499996
2023-12-19,562.0935230008
2023-12-20,542.0187543221999
2023-12-21,485.1402430662
2023-12-22,488.4860378459
2023-12-23,562.0935230008
2023-12-24,560.3277336667
2023-12-25,612.0850875513
2023-12-26,497.54284894520003
2023-12-27,497.54284894520003
2023-12-28,461.7483993808
2023-12-29,433.11283972930005
2023-12-30,540.4961884225
2023-12-31,519.0195186838
2024-01-01,558.3934132047
2024-01-02,554.8139682482
2024-01-03,468.9072892937
2024-01-04,565.5523031175
2024-01-05,608.5056425948
2024-01-06,493.96340398869995
2024-01-07,509.05900351419996
2024-01-08,429.3635476531
2024-01-09,447.5569183164
2024-01-10,553.0784681633
2024-01-11,483.9436596429
2024-01-12,629.4906249491
2024-01-13,611.2972542858
2024-01-14,578.5491870919
2024-01-15,465.75028897970003
2024-01-16,414.8088511225
2024-01-17,454.83426658170004
2024-01-18,440.2795700511
2024-01-19,516.6917268368
2024-01-20,480.30498551029996
2024-01-21,513.3783401867
2024-01-22,489.55134776349996
2024-01-23,559.4872545869
2024-01-24,538.5064825398999
2024-01-25,524.5193011752
2024-01-26,632.9199567514
2024-01-27,531.5128918575999
2024-01-28,597.9520033398
2024-01-29,559.4872545869
2024-01-30,545.5000732222001
2024-01-31,503.53852912819997
2024-02-01,458.080189693
2024-02-02,535.0096871987
2024-02-03,676.1174740216001
2024-02-04,566.7381846285
2024-02-05,581.7511166716
2024-02-06,585.5043496824
2024-02-07,638.0496118334
2024-02-08,600.5172817256
2024-02-09,517.9461554883001
2024-02-10,623.0366797903
2024-02-11,570.4914176393
2024-02-12,514.1929224775
2024-02-13,671.8287089305
2024-02-14,506.6864564559
2024-02-15,521.6993884991
2024-02-16,605.3439739976
2024-02-17,605.3439739976
2024-02-18,605.3439739976
2024-02-19,491.5729894556
2024-02-20,552.5117898013999
2024-02-21,572.82472325
2024-02-22,560.6369631808
2024-02-23,548.4492031117001
2024-02-24,645.9512836649
2024-02-25,556.5743764911
2024-02-26,666.2642171134
2024-02-27,540.3240297322001
2024-02-28,524.0736829734
2024-02-29,605.3254167677
2024-03-01,540.3240297322001
2024-03-02,608.0540043789
2024-03-03,500.9605101218
2024-03-04,611.4084966053999
2024-03-05,508.84965201349996
2024-03-06,658.7433479555
2024-03-07,552.2399324178
2024-03-08,710.0227702514
2024-03-09,607.4639256595
2024-03-10,642.9650641720999
2024-03-11,564.0736452553
2024-03-12,670.577060793
2024-03-13,556.1845033636
2024-03-14,631.1313513346
2024-03-15,579.7202560483
2024-03-16,529.9803216844999
2024-03-17,600.922569469
2024-03-18,609.2687162672
2024-03-19,600.922569469
2024-03-20,655.1725236572
2024-03-21,621.7879364644001
2024-03-22,500.7688078908
2024-03-23,563.3649088772
2024-03-24,650.9994502581001
2024-03-25,709.4224778452999
2024-03-26,550.8456886799
2024-03-27,559.1918354781
2024-03-28,567.5379822763
2024-03-29,630.6752493061
2024-03-30,595.0462249835
2024-03-31,640.5011449474999
2024-04-01,566.1203668246
2024-04-02,619.8398176911
2024-04-03,611.5752867886
2024-04-04,586.7816940808999
2024-04-05,570.2526322758
2024-04-06,611.5752867886
2024-04-07,640.5011449474999
2024-04-08,702.4851267165999
2024-04-09,652.8979413013001
2024-04-10,603.310755886
2024-04-11,626.4040797296
2024-04-12,566.8606095353
2024-04-13,584.0382037636
2024-04-14,704.281363362
2024-04-15,674.2205734624
2024-04-16,605.510196549
2024-04-17,708.5757619191
2024-04-18,588.3326023207001
2024-04-19,622.6877907774
2024-04-20,648.4541821199
2024-04-21,558.2718124211
2024-04-22,601.215797992
2024-04-23,652.7485806770001
2024-04-24,721.4589575903
2024-04-25,671.7722631512
2024-04-26,630.6743658262
2024-04-27,578.1181686741
2024-04-28,613.1556334421999
2024-04-29,613.1556334421999
2024-04-30,573.738485578
2024-05-01,617.5353165382
2024-05-02,578.1181686741
2024-05-03,635.0540489223
2024-05-04,564.9791193860001
2024-05-05,617.5353165382
2024-05-06,608.7759503462
2024-05-07,534.3213377139
2024-05-08,534.3213377139
2024-05-09,556.219753194
2024-05-10,613.8674380566
2024-05-11,599.332437579
2024-05-12,657.1990177591
2024-05-13,545.5991845547001
2024-05-14,607.5990918904
2024-05-15,562.1324931776
2024-05-16,582.7991289560999
2024-05-17,586.9324561119
2024-05-18,640.6657091362
2024-05-19,640.6657091362
2024-05-20,636.5323819805
2024-05-21,644.7990362919
2024-05-22,570.3991474889999
2024-05-23,632.3990548248
2024-05-24,706.1945470096999
2024-05-25,671.1400347624
2024-05-26,671.1400347624
2024-05-27,704.6970365005
2024-05-28,515.9389017236
2024-05-29,562.0797791135
2024-05-30,574.6636547653001
2024-05-31,515.9389017236
2024-06-01,620.8045321552
2024-06-02,620.8045321552
2024-06-03,587.2475304170999
2024-06-04,658.5561591106
2024-06-05,562.0797791135
2024-06-06,515.9389017236
2024-06-07,554.91085805
2024-06-08,590.9440029609
2024-06-09,715.7913275301
2024-06-10,636.7213553029
2024-06-11,578.459270504
2024-06-12,511.87403073369995
2024-06-13,607.5903129034999
2024-06-14,607.5903129034999
2024-06-15,607.5903129034999
2024-06-16,607.5903129034999
2024-06-17,607.5903129034999
2024-06-18,607.5903129034999
2024-06-19,607.5903129034999
2024-06-20,570.1361155326999
2024-06-21,553.3231371047
2024-06-22,582.3327790024
2024-06-23,632.2470172026
2024-06-24,465.866223202
2024-06-25,632.2470172026
2024-06-26,515.7804614022
2024-06-27,503.3019018521
2024-06-28,540.7375805023
2024-06-29,561.5351797524
2024-06-30,653.0446164527
2024-07-01,503.3019018521
2024-07-02,586.4922988525
2024-07-03,615.6089378026
2024-07-04,603.1303782525
2024-07-05,582.3327790024
2024-07-06,481.6915072022
2024-07-07,652.0350529717
2024-07-08,557.1935907213
2024-07-09,628.3246874091001
2024-07-10,608.5660494402999
2024-07-11,537.4349527524
2024-07-12,553.2418631275001
2024-07-13,592.7591390652
2024-07-14,608.5660494402999
2024-07-15,659.9385081592
2024-07-16,604.6143218465
2024-07-17,580.9039562839
2024-07-18,628.3246874091001
2024-07-19,515.102118236
2024-07-20,599.5563615236
2024-07-21,672.9714261999001
2024-07-22,689.2858850168999
2024-07-23,730.0720320593
2024-07-24,689.2858850168999
2024-07-25,571.0060585939
2024-07-26,664.8141967913999
2024-07-27,652.5783526787
2024-07-28,628.1066644533
2024-07-29,603.6349762278
2024-07-30,725.9934173551001
2024-07-31,611.7922056363
2024-08-01,613.2159740239
2024-08-02,630.9878799602
2024-08-03,563.3820356788
2024-08-04,608.4525985331001
2024-08-05,644.5090488164999
2024-08-06,703.1007805270999
2024-08-07,630.9878799602
2024-08-08,549.8608668225
2024-08-09,581.4102608205001
2024-08-10,585.9173171059
2024-08-11,581.4102608205001
2024-08-12,725.6360619542
2024-08-13,617.4667111038999
2024-08-14,671.5513865290999
2024-08-15,594.7427778026
2024-08-16,690.9447058017
2024-08-17,613.213426399
2024-08-18,643.4422572778
2024-08-19,673.6710881566
2024-08-20,561.3925734639
2024-08-21,647.7606616891001
2024-08-22,634.8054484552999
2024-08-23,690.9447058017
2024-08-24,708.2183234467
2024-08-25,660.7158749229
2024-08-26,574.3477866977
2024-08-27,578.6661911089
2024-08-28,613.213426399
2024-08-29,703.7940173679
2024-08-30,587.0911965963
2024-08-31,631.5678023991
2024-09-01,653.8061053004
2024-09-02,631.5678023991
2024-09-03,742.7593169059
2024-09-04,662.701426461
2024-09-05,671.5967476215001
2024-09-06,689.3873899426001
2024-09-07,644.9107841399
2024-09-08,702.7303716835
2024-09-09,742.7593169059
2024-09-10,644.9107841399
2024-09-11,609.3294994977
2024-09-12,495.4588466422
2024-09-13,700.2228145578999
2024-09-14,566.6276723067
2024-09-15,640.335336997
2024-09-16,695.6160855147001
2024-09-17,575.841130393
2024-09-18,691.0093564716001
2024-09-19,635.7286079539
2024-09-20,562.0209432636
2024-09-21,667.9757112559
2024-09-22,621.9084208244
2024-09-23,626.5151498675999
2024-09-24,672.582440299
2024-09-25,667.9757112559
2024-09-26,657.0053112677
2024-09-27,571.2988681800999
2024-09-28,602.0611149283001
2024-09-29,566.9042615018
2024-09-30,681.1640351377999
2024-10-01,602.0611149283001
2024-10-02,689.9532484945
2024-10-03,681.1640351377999
2024-10-04,694.3478551728
2024-10-05,742.6885286342
2024-10-06,663.5856084246
2024-10-07,667.9802151029
2024-10-08,681.1640351377999
2024-10-09,733.8993152775
2024-10-10,574.9669723427
2024-10-11,709.250575467
2024-10-12,640.6134230025001
2024-10-13,654.3408534954
2024-10-14,631.4618026739
2024-10-15,636.0376128382
2024-10-16,713.8263856313
2024-10-17,645.1892331668
2024-10-18,718.4021957956
2024-10-19,622.3101823451999
2024-10-20,791.6151584245
2024-10-21,791.6151584245
2024-10-22,782.4635380959
2024-10-23,638.1257142515
2024-10-24,718.1432982754001
2024-10-25,699.1196347448999
2024-10-26,727.6551300405999
2024-10-27,694.3637188623001
2024-10-28,765.7024571016001
2024-10-29,798.9938682799
2024-10-30,746.6787935711
2024-10-31,803.7497841625001
2024-11-01,751.4347094537
2024-11-02,727.6551300405999
2024-11-03,670.5841394492
2024-11-04,627.7808965056
2024-11-05,720.5191072543
2024-11-06,702.3519886923
2024-11-07,773.0924767621
2024-11-08,788.2511527769999
2024-11-09,717.5106647073
2024-11-10,702.3519886923
2024-11-11,747.8280167372001
2024-11-12,687.1933126774
2024-11-13,737.7222327272
2024-11-14,697.2990966873
2024-11-15,641.7172846325999
2024-11-16,757.9338007471
2024-11-17,793.3040447819999
2024-11-18,757.9338007471
2024-11-19,789.1774714802999
2024-11-20,889.8459551159
2024-11-21,747.4706022974
2024-11-22,732.2161002097
2024-11-23,727.1312661804
2024-11-24,701.7070960343
2024-11-25,681.3677599173
2024-11-26,859.3369509405001
2024-11-27,706.7919300635
2024-11-28,676.2829258881001
2024-11-29,722.0464321512001
2024-11-30,615.2649175373
2024-12-01,833.9127807942999
2024-12-02,803.4037766189
2024-12-03,649.5827562208001
2024-12-04,649.5827562208001
2024-12-05,649.5827562208001
2024-12-06,649.5827562208001
2024-12-07,649.5827562208001
2024-12-08,649.5827562208001
2024-12-09,649.5827562208001
2024-12-10,862.7008012406
2024-12-11,795.5444514434
2024-12-12,733.5539747076
2024-12-13,764.5492130755
2024-12-14,764.5492130755
2024-12-15,821.37381675
2024-12-16,707.7246094010001
2024-12-17,796.3547779176
2024-12-18,733.677850142
2024-12-19,776.8353707386
2024-12-20,782.2300608132
2024-12-21,814.5982012605999
2024-12-22,782.2300608132
2024-12-23,836.1769615589
2024-12-24,749.8619203657
2024-12-25,712.0990898437001
2024-12-26,814.5982012605999
2024-12-27,706.7043997692
2024-12-28,852.3610317826001
2024-12-29,771.4406806640001
2024-12-30,853.0497033261
2024-12-31,867.710155985
2025-01-01,703.9912586293
2025-01-02,764.0215209931
2025-01-03,911.3685286131999
2025-01-04,774.9361141501
2025-01-05,813.1371901998
2025-01-06,851.3382662494
2025-01-07,725.8204449434
2025-01-08,731.2777415219001
2025-01-09,682.1620723152
2025-01-10,829.5090799353
2025-01-11,774.9361141501
2025-01-12,753.106927836
2025-01-13,939.7538296057
2025-01-14,702.7960443777
2025-01-15,845.5514908918999
2025-01-16,763.1925794414001
2025-01-17,702.7960443777
2025-01-18,823.5891145051
2025-01-19,713.7772325711
2025-01-20,823.5891145051
2025-01-21,834.5703026985001
2025-01-22,730.2490148612
2025-01-23,823.5891145051
2025-01-24,746.7207971513
2025-01-25,768.6831735381
2025-01-26,702.7960443777
2025-01-27,752.211391248
2025-01-28,841.6022686109999
2025-01-29,795.3446392008
2025-01-30,832.9622910549001
2025-01-31,779.2227884062
2025-02-01,671.7437831088
2025-02-02,988.8068487360999
2025-02-03,918.9454952927999
2025-02-04,822.2143905252
2025-02-05,703.987484698
2025-02-06,773.8488381413
2025-02-07,779.2227884062
2025-02-08,929.6933958226
2025-02-09,859.8320423793
2025-02-10,795.2937514099999
2025-02-11,788.8647276166
2025-02-12,703.7354404637999
2025-02-13,754.8130127554999
2025-02-14,896.6951580103
2025-02-15,862.6434431491
2025-02-16,908.0457296306
2025-02-17,856.9681573388999
2025-02-18,777.5141559962
2025-02-19,794.5400134268
2025-02-20,715.0860120841
2025-02-21,737.7871553249
2025-02-22,732.1118695147001
2025-02-23,788.8647276166
2025-02-24,728.5338809781999
2025-02-25,714.5302298373999
2025-02-26,807.9687983545999
2025-02-27,862.9326621883
2025-02-28,824.4579575047
2025-03-01,857.4362758049001
2025-03-02,791.4796392044999
2025-03-03,692.544684304
2025-03-04,824.4579575047
2025-03-05,802.4724119713001
2025-03-06,736.5157753709001
2025-03-07,934.3856851720001
2025-03-08,780.4868664378
2025-03-09,753.004934521
2025-03-10,878.0124118109
2025-03-11,858.5472421883001
2025-03-12,769.3475287142
2025-03-13,852.9722600961
2025-03-14,886.4221526489
2025-03-15,791.6474570827
2025-03-16,735.8976361614
2025-03-17,808.3724033591
2025-03-18,780.4974928984
2025-03-19,791.6474570827
2025-03-20,847.397278004
2025-03-21,791.6474570827
2025-03-22,808.3724033591
2025-03-23,836.2473138197
2025-03-24,876.5715598921
2025-03-25,870.8571310489
2025-03-26,842.582548872
2025-03-27,859.5472981780999
2025-03-28,836.9276324366
2025-03-29,870.8571310489
2025-03-30,797.3432173889
2025-03-31,774.7235516474
2025-04-01,836.9276324366
2025-04-02,763.4137187766
2025-04-03,972.6456268858
2025-04-04,859.5472981780999
2025-04-05,1017.8849583688999
2025-04-06,948.9813439078
2025-04-07,875.8268480096999
2025-04-08,875.8268480096999
2025-04-09,924.1483292792
2025-04-10,791.2642557881001
2025-04-11,869.7866628511
2025-04-12,893.9474034858
2025-04-13,869.7866628511
2025-04-14,1038.9118472943
2025-04-15,899.9875886445
2025-04-16,869.7866628511
2025-04-17,893.9474034858
2025-04-18,924.1483292792
2025-04-19,821.4651815816
2025-04-20,847.3962211293
2025-04-21,753.4998024397
2025-04-22,771.8778464017
2025-04-23,949.5322713671
2025-04-24,698.3656705539
2025-04-25,863.7680662114001
2025-04-26,882.1461101733
2025-04-27,814.7599489795999
2025-04-28,827.0119782875
2025-04-29,863.7680662114001
2025-04-30,894.3981394813
2025-05-01,808.6339343256001
2025-05-02,827.0119782875
2025-05-03,974.0363299831
2025-05-04,999.9579944594001
2025-05-05,823.0608707158999
2025-05-06,1036.22771493
2025-05-07,817.1395694877
2025-05-08,894.1164854538999
2025-05-09,941.4868952793
2025-05-10,828.982171944
2025-05-11,888.1951842257
2025-05-12,882.2738829975999
2025-05-13,858.5886780849
2025-05-14,769.7691596623
2025-05-15,852.6673768566999
2025-05-16,864.5099793131
2025-05-17,864.5099793131
2025-05-18,864.5099793131
2025-05-19,979.7232512998
2025-05-20,852.7220890943
2025-05-21,895.0558098294999
2025-05-22,870.8651122665
2025-05-23,907.1511586109001
2025-05-24,937.3895305646
2025-05-25,852.7220890943
2025-05-26,913.1988330017
2025-05-27,925.2941817832
2025-05-28,852.7220890943
2025-05-29,991.8186000813
2025-05-30,961.5802281276
2025-05-31,937.3895305646
2025-06-01,1016.2841048878
2025-06-02,839.5390431682
2025-06-03,839.5390431682
2025-06-04,908.9746031294001
2025-06-05,795.3527777383
2025-06-06,845.851366801
2025-06-07,845.851366801
2025-06-08,902.6622794966
2025-06-09,965.7855158250001
2025-06-10,883.7253085980999
2025-06-11,1066.7826939505
2025-06-12,890.0376322309
2025-06-13,890.0376322309
2025-06-14,890.0376322309
2025-06-15,890.0376322309
2025-06-16,890.0376322309
2025-06-17,890.0376322309
2025-06-18,741.5057035204001
2025-06-19,879.7525296005
2025-06-20,798.0612232805
2025-06-21,948.8759426404999
2025-06-22,886.0364762405
2025-06-23,672.3822904804
2025-06-24,672.3822904804
2025-06-25,735.2217568804
2025-06-26,898.6043695205
2025-06-27,986.5796224806
2025-06-28,722.6538636004
2025-06-29,911.1722628005
2025-06-30,995.2601211336
2025-07-01,843.0356793574999
2025-07-02,779.0812485096999
2025-07-03,889.5479927013
2025-07-04,877.9199143653999
2025-07-05,924.4322277092
2025-07-06,912.8041493733
2025-07-07,930.2462668772
2025-07-08,877.9199143653999
2025-07-09,825.5935618535
2025-07-10,953.5024235492001
2025-07-11,994.200697725
2025-07-12,872.1058751974
2025-07-13,918.1410016128
2025-07-14,859.9460060576
2025-07-15,910.1618312288999
2025-07-16,1029.4244160106
2025-07-17,822.2841371792
2025-07-18,853.6690279112
2025-07-19,903.8848530825
2025-07-20,891.3308967897
2025-07-21,935.2697438145
2025-07-22,941.5467219609
2025-07-23,941.5467219609
2025-07-24,878.7769404969
2025-07-25,922.7157875217
2025-07-26,1004.316503425
2025-07-27,970.0329691339
2025-07-28,869.1319633113001
2025-07-29,919.8841947454999
2025-07-30,710.5312400793
2025-07-31,869.1319633113001
2025-08-01,976.980455109
2025-08-02,957.9483683212001
2025-08-03,919.8841947454999
2025-08-04,983.3244840383
2025-08-05,1084.8289469068
2025-08-06,875.4759922405
2025-08-07,913.5401658162
2025-08-08,1021.388657614
2025-08-09,870.4854362762001
2025-08-10,746.3742133917
2025-08-11,868.6251621368999
2025-08-12,945.8362876602
2025-08-13,881.4936830575
2025-08-14,1003.7446318027
2025-08-15,1042.3501945643
2025-08-16,862.1909016767
2025-08-17,978.0075899615999
2025-08-18,978.0075899615999
2025-08-19,990.8761108821
2025-08-20,862.1909016767
2025-08-21,907.2307248986
2025-08-22,958.7048085808001
2025-08-23,939.5857016416
2025-08-24,980.0017696142
2025-08-25,1057.3703303732
2025-08-26,909.0805889184
2025-08-27,967.1070094877
2025-08-28,967.1070094877
2025-08-29,1025.1334300569001
2025-08-30,1063.8177104364001
2025-08-31,1018.6860499937001
2025-09-01,851.0541683491
2025-09-02,1038.0281901834
2025-09-03,1038.0281901834
2025-09-04,883.2910686654001
2025-09-05,902.6332088552
2025-09-06,957.59280174
2025-09-07,946.7610263535
2025-09-08,1041.4371289888
2025-09-09,1082.0126015468
2025-09-10,1129.3506528645
2025-09-11,1149.6383891435
2025-09-12,1014.3868139501
2025-09-13,811.5094511601
2025-09-14,953.5236051131001
2025-09-15,1034.6745502291
2025-09-16,1102.3003378258
2025-09-17,1082.0126015468
2025-09-18,865.6100812374999
2025-09-19,1087.5993791412
2025-09-20,1087.5993791412
2025-09-21,1087.5993791412
2025-09-22,1146.2940457616
2025-09-23,1061.3833757052
2025-09-24,1018.928040677
2025-09-25,1082.6110432193
2025-09-26,997.7003731629
2025-09-27,934.0173706205
2025-09-28,1096.762821562
2025-09-29,1167.5217132757
2025-09-30,990.6244839915
2025-10-01,990.6244839915
2025-10-02,990.6244839915
2025-10-03,990.6244839915
2025-10-04,990.6244839915
2025-10-05,990.6244839915
2025-10-06,990.6244839915
2025-10-07,990.6244839915
2025-10-08,990.6244839915
2025-10-09,1109.7441955761
2025-10-10,899.7925910076
2025-10-11,989.7718501084
2025-10-12,989.7718501084
2025-10-13,1087.2493808008999
